epoch,loss,data,split
1,2.3543155193328857,data1,train
1,4.035674571990967,data2,train
1,14.657425880432129,data3,train
2,1.1911498308181763,data1,train
2,3.262282133102417,data2,train
2,14.945408821105957,data3,train
3,0.6719621419906616,data1,train
3,2.1170382499694824,data2,train
3,14.874709129333496,data3,train
4,0.5979810357093811,data1,train
4,1.246394395828247,data2,train
4,14.37914752960205,data3,train
5,0.5641152858734131,data1,train
5,0.6125538349151611,data2,train
5,13.900073051452637,data3,train
6,0.4785533547401428,data1,train
6,0.5554951429367065,data2,train
6,13.500980377197266,data3,train
7,0.39768022298812866,data1,train
7,0.5186672210693359,data2,train
7,13.022913932800293,data3,train
8,0.2877453863620758,data1,train
8,0.5224563479423523,data2,train
8,12.602861404418945,data3,train
9,0.16550293564796448,data1,train
9,0.4854733943939209,data2,train
9,12.136724472045898,data3,train
10,0.13997036218643188,data1,train
10,0.4572984278202057,data2,train
10,11.974154472351074,data3,train
11,0.14651566743850708,data1,train
11,0.4434182941913605,data2,train
11,11.713665962219238,data3,train
12,0.1374579817056656,data1,train
12,0.43039819598197937,data2,train
12,11.518813133239746,data3,train
13,0.11660735309123993,data1,train
13,0.41877803206443787,data2,train
13,11.257479667663574,data3,train
14,0.12429799139499664,data1,train
14,0.40891745686531067,data2,train
14,11.061959266662598,data3,train
15,0.10677540302276611,data1,train
15,0.3941715955734253,data2,train
15,10.808823585510254,data3,train
16,0.10116290301084518,data1,train
16,0.3790128231048584,data2,train
16,10.567449569702148,data3,train
17,0.09009077399969101,data1,train
17,0.373919278383255,data2,train
17,10.34939193725586,data3,train
18,0.09907478839159012,data1,train
18,0.3605652153491974,data2,train
18,10.089542388916016,data3,train
19,0.090846486389637,data1,train
19,0.359718382358551,data2,train
19,9.823806762695312,data3,train
20,0.09747456014156342,data1,train
20,0.3543050289154053,data2,train
20,9.567717552185059,data3,train
21,0.09865165501832962,data1,train
21,0.3311122953891754,data2,train
21,9.26571273803711,data3,train
22,0.09004171937704086,data1,train
22,0.2878692150115967,data2,train
22,9.010869026184082,data3,train
23,0.08323191106319427,data1,train
23,0.31585949659347534,data2,train
23,8.789124488830566,data3,train
24,0.07530289888381958,data1,train
24,0.27043554186820984,data2,train
24,8.540645599365234,data3,train
25,0.07658662647008896,data1,train
25,0.25213363766670227,data2,train
25,8.263847351074219,data3,train
26,0.09819644689559937,data1,train
26,0.2313314974308014,data2,train
26,8.01462459564209,data3,train
27,0.09559019654989243,data1,train
27,0.22557786107063293,data2,train
27,7.744461536407471,data3,train
28,0.07051756978034973,data1,train
28,0.23378032445907593,data2,train
28,7.49267578125,data3,train
29,0.06960400938987732,data1,train
29,0.2142021507024765,data2,train
29,7.210292816162109,data3,train
30,0.06991457939147949,data1,train
30,0.2219453901052475,data2,train
30,6.9605607986450195,data3,train
31,0.07289828360080719,data1,train
31,0.28359276056289673,data2,train
31,6.727035999298096,data3,train
32,0.08481864631175995,data1,train
32,0.4004218876361847,data2,train
32,6.495567798614502,data3,train
33,0.06429796665906906,data1,train
33,0.08682986348867416,data2,train
33,6.35215950012207,data3,train
34,0.07745480537414551,data1,train
34,0.11949115246534348,data2,train
34,6.169546604156494,data3,train
35,0.0645480826497078,data1,train
35,0.15374799072742462,data2,train
35,5.9594950675964355,data3,train
36,0.07139191776514053,data1,train
36,0.39658820629119873,data2,train
36,5.881780624389648,data3,train
37,0.07085947692394257,data1,train
37,0.18068337440490723,data2,train
37,5.726143836975098,data3,train
38,0.10313155502080917,data1,train
38,0.16839592158794403,data2,train
38,5.611307144165039,data3,train
39,0.06115634739398956,data1,train
39,0.1777348667383194,data2,train
39,5.483456611633301,data3,train
40,0.058517780154943466,data1,train
40,0.07345295697450638,data2,train
40,5.39894962310791,data3,train
41,0.06920197606086731,data1,train
41,0.1040496826171875,data2,train
41,5.284011363983154,data3,train
42,0.05935169383883476,data1,train
42,0.2720532715320587,data2,train
42,5.115303993225098,data3,train
43,0.065297931432724,data1,train
43,0.390982985496521,data2,train
43,5.07192850112915,data3,train
44,0.061547085642814636,data1,train
44,0.1636788547039032,data2,train
44,4.985373020172119,data3,train
45,0.05767961964011192,data1,train
45,0.4277806580066681,data2,train
45,4.826657772064209,data3,train
46,0.05551179125905037,data1,train
46,0.3714084327220917,data2,train
46,4.744418144226074,data3,train
47,0.058372851461172104,data1,train
47,0.19641155004501343,data2,train
47,4.685939311981201,data3,train
48,0.0677095502614975,data1,train
48,0.21241611242294312,data2,train
48,4.615628719329834,data3,train
49,0.060681503266096115,data1,train
49,0.3849946856498718,data2,train
49,4.541400909423828,data3,train
50,0.057957686483860016,data1,train
50,0.07545498758554459,data2,train
50,4.4618730545043945,data3,train
51,0.0570814274251461,data1,train
51,0.06988564133644104,data2,train
51,4.368901252746582,data3,train
52,0.06904591619968414,data1,train
52,0.07838757336139679,data2,train
52,4.322427749633789,data3,train
53,0.0590784065425396,data1,train
53,0.08889808505773544,data2,train
53,4.231400966644287,data3,train
54,0.06144828721880913,data1,train
54,0.09002452343702316,data2,train
54,4.1749348640441895,data3,train
55,0.05583110451698303,data1,train
55,0.061392102390527725,data2,train
55,4.121490478515625,data3,train
56,0.055194199085235596,data1,train
56,0.20988067984580994,data2,train
56,4.02454948425293,data3,train
57,0.0897907093167305,data1,train
57,0.32061678171157837,data2,train
57,4.0104475021362305,data3,train
58,0.05812555178999901,data1,train
58,0.06745761632919312,data2,train
58,3.909569025039673,data3,train
59,0.051844727247953415,data1,train
59,0.09191868454217911,data2,train
59,3.810896396636963,data3,train
60,0.051362793892621994,data1,train
60,0.05363250523805618,data2,train
60,3.723994493484497,data3,train
61,0.07260966300964355,data1,train
61,0.08606726676225662,data2,train
61,3.615107536315918,data3,train
62,0.0657615140080452,data1,train
62,0.10854670405387878,data2,train
62,3.5349395275115967,data3,train
63,0.051694355905056,data1,train
63,0.07183494418859482,data2,train
63,3.4749507904052734,data3,train
64,0.06556954979896545,data1,train
64,0.1967129111289978,data2,train
64,3.4132702350616455,data3,train
65,0.05139390379190445,data1,train
65,0.36384305357933044,data2,train
65,3.3545982837677,data3,train
66,0.05243545398116112,data1,train
66,0.1681395322084427,data2,train
66,3.3074874877929688,data3,train
67,0.05189114436507225,data1,train
67,0.24287036061286926,data2,train
67,3.2467284202575684,data3,train
68,0.05268547683954239,data1,train
68,0.24816130101680756,data2,train
68,3.210599660873413,data3,train
69,0.08136448264122009,data1,train
69,0.33674097061157227,data2,train
69,3.1433730125427246,data3,train
70,0.056460652500391006,data1,train
70,0.13350807130336761,data2,train
70,3.112626075744629,data3,train
71,0.04839704930782318,data1,train
71,0.15762588381767273,data2,train
71,3.069146156311035,data3,train
72,0.06047285720705986,data1,train
72,0.2585027813911438,data2,train
72,3.0390825271606445,data3,train
73,0.05153610184788704,data1,train
73,0.08453262597322464,data2,train
73,2.993581771850586,data3,train
74,0.05214531347155571,data1,train
74,0.10603713989257812,data2,train
74,2.9468350410461426,data3,train
75,0.05080951005220413,data1,train
75,0.06625724583864212,data2,train
75,2.9112048149108887,data3,train
76,0.05654564127326012,data1,train
76,0.12305549532175064,data2,train
76,2.8736538887023926,data3,train
77,0.04707612469792366,data1,train
77,0.06012061610817909,data2,train
77,2.8495864868164062,data3,train
78,0.054385870695114136,data1,train
78,0.07348568737506866,data2,train
78,2.8156933784484863,data3,train
79,0.07142619043588638,data1,train
79,0.09645590931177139,data2,train
79,2.7974188327789307,data3,train
80,0.04950511083006859,data1,train
80,0.047100845724344254,data2,train
80,2.779799222946167,data3,train
81,0.051623016595840454,data1,train
81,0.12126940488815308,data2,train
81,2.7643823623657227,data3,train
82,0.04677272215485573,data1,train
82,0.12590396404266357,data2,train
82,2.750049114227295,data3,train
83,0.05289379134774208,data1,train
83,0.3831346035003662,data2,train
83,2.732196092605591,data3,train
84,0.054607801139354706,data1,train
84,0.15535877645015717,data2,train
84,2.695479393005371,data3,train
85,0.05284024029970169,data1,train
85,0.3236472010612488,data2,train
85,2.710609197616577,data3,train
86,0.05573276802897453,data1,train
86,0.0554085411131382,data2,train
86,2.663121223449707,data3,train
87,0.05439743772149086,data1,train
87,0.09509740769863129,data2,train
87,2.666677951812744,data3,train
88,0.054502829909324646,data1,train
88,0.11933831125497818,data2,train
88,2.6368331909179688,data3,train
89,0.07636354863643646,data1,train
89,0.3502221405506134,data2,train
89,2.614331007003784,data3,train
90,0.07789620012044907,data1,train
90,0.2475801706314087,data2,train
90,2.596017360687256,data3,train
91,0.05159119889140129,data1,train
91,0.37930652499198914,data2,train
91,2.5762102603912354,data3,train
92,0.07211990654468536,data1,train
92,0.16424010694026947,data2,train
92,2.544118881225586,data3,train
93,0.057833895087242126,data1,train
93,0.21713171899318695,data2,train
93,2.5262584686279297,data3,train
94,0.04707418009638786,data1,train
94,0.25187209248542786,data2,train
94,2.537785291671753,data3,train
95,0.06442063301801682,data1,train
95,0.14821533858776093,data2,train
95,2.5145537853240967,data3,train
96,0.04852130264043808,data1,train
96,0.24950404465198517,data2,train
96,2.5033388137817383,data3,train
97,0.06227410212159157,data1,train
97,0.2633002698421478,data2,train
97,2.4984793663024902,data3,train
98,0.06626210361719131,data1,train
98,0.04033997282385826,data2,train
98,2.4823391437530518,data3,train
99,0.04911976680159569,data1,train
99,0.2397981435060501,data2,train
99,2.471956253051758,data3,train
100,0.04932926967740059,data1,train
100,0.30000999569892883,data2,train
100,2.477994680404663,data3,train
