y,p,data,split
3.8173068,3.806127,data1,train
0.8843035,0.8638158,data1,train
2.9303033,2.9008312,data1,train
2.8573966,2.8407962,data1,train
1.9921082,1.9720106,data1,train
-0.09725872,0.49009228,data1,train
3.0965927,3.077974,data1,train
3.2275543,3.2105303,data1,train
3.634265,3.6408982,data1,train
1.1336688,1.1908121,data1,train
2.0778491,2.0820713,data1,train
3.572066,3.5478654,data1,train
4.2027054,4.1709223,data1,train
3.3230765,3.2683942,data1,train
3.5764868,3.5450652,data1,train
2.857669,2.8349462,data1,train
3.0055523,2.9713311,data1,train
3.8162978,3.787014,data1,train
3.1870542,3.1797452,data1,train
2.5752778,2.580357,data1,train
3.2745674,3.2863111,data1,train
2.3342888,2.3293447,data1,train
2.7561977,2.73304,data1,train
4.3279266,4.290103,data1,train
3.8776345,3.852092,data1,train
2.596322,2.605942,data1,train
3.4169505,3.4046602,data1,train
3.1941097,3.1419435,data1,train
1.9964801,2.0060768,data1,train
4.126666,4.1079926,data1,train
3.7496448,3.7256346,data1,train
3.7537735,3.7496388,data1,train
2.6992347,2.6815464,data1,train
3.2207277,3.1805372,data1,train
3.8356757,3.8291228,data1,train
2.6839063,2.687201,data1,train
3.8464785,3.8625953,data1,train
2.657285,2.6634002,data1,train
2.1763012,2.1843157,data1,train
3.449638,3.4253345,data1,train
1.6911286,1.6680574,data1,train
2.976994,2.9596171,data1,train
3.269734,3.281735,data1,train
2.208698,2.2077494,data1,train
2.009978,2.0057545,data1,train
3.2194414,3.2136502,data1,train
2.2916377,2.28762,data1,train
3.3355837,3.319682,data1,train
0.18292364,0.19903326,data1,train
2.443738,2.4406404,data1,train
0.7046604,0.6435847,data1,train
3.0404818,3.0291057,data1,train
2.2488663,2.245362,data1,train
3.5436668,3.5311222,data1,train
3.4404297,3.415111,data1,train
1.2962378,1.2888865,data1,train
3.8142276,3.8066084,data1,train
3.050277,3.013319,data1,train
3.144391,3.1567583,data1,train
2.5797114,2.5703692,data1,train
2.7414494,2.733038,data1,train
3.5359607,3.538129,data1,train
1.6545621,1.6466033,data1,train
3.192952,3.1068544,data1,train
3.275143,3.2336326,data1,train
3.2030873,3.2204823,data1,train
2.617869,2.5988283,data1,train
2.4525957,2.4289637,data1,train
3.155183,3.127603,data1,train
3.8590803,3.8351984,data1,train
2.9028072,2.8911247,data1,train
2.1511524,2.1626778,data1,train
3.4781506,3.4407482,data1,train
2.8023748,2.8028965,data1,train
1.2416761,1.2704062,data1,train
2.8775582,2.8708255,data1,train
3.0400445,3.0680437,data1,train
3.8803217,3.8628213,data1,train
-1.5232245,0.62365246,data1,train
4.286721,4.2482185,data1,train
2.0091984,1.9955912,data1,train
2.4395468,2.433109,data1,train
2.9930675,3.0028644,data1,train
1.178208,1.1517887,data1,train
1.88014,1.9061389,data1,train
4.0499516,4.046121,data1,train
1.3792497,1.3972921,data1,train
3.446977,3.4133859,data1,train
3.20726,3.1826305,data1,train
3.4465094,3.4080505,data1,train
1.5802888,1.5974851,data1,train
1.4330237,1.434659,data1,train
3.125205,3.1325288,data1,train
3.451536,3.4417849,data1,train
3.2047524,3.19917,data1,train
3.5462682,3.5399983,data1,train
3.631844,3.6291585,data1,train
3.13329,3.0995934,data1,train
2.8752549,2.8478975,data1,train
2.6208928,2.6063251,data1,train
2.922221,2.9129808,data1,train
3.177363,3.1574955,data1,train
3.161368,3.1494937,data1,train
3.929828,3.9178052,data1,train
3.0929983,3.0806968,data1,train
2.696077,2.6869364,data1,train
3.5546618,3.5400045,data1,train
3.949483,3.9246068,data1,train
3.200169,3.1858988,data1,train
3.6142435,3.6214821,data1,train
3.81596,3.8140402,data1,train
2.5933259,2.5799413,data1,train
-0.035436127,-0.027112484,data1,train
2.5200682,2.5239682,data1,train
3.1815014,3.187076,data1,train
3.5243053,3.5071294,data1,train
3.5670502,3.5446105,data1,train
4.0708394,4.0825033,data1,train
2.9992454,2.960167,data1,train
3.689119,3.6779325,data1,train
3.318641,3.273547,data1,train
3.2609417,3.2644439,data1,train
0.85030943,0.8744335,data1,train
-0.7190639,-0.6323843,data1,train
4.090276,4.061439,data1,train
3.204953,3.2034576,data1,train
3.0583656,3.0498161,data1,train
3.1691108,3.1550276,data1,train
3.5001438,3.4846942,data1,train
2.7953517,2.8063345,data1,train
3.3951545,3.351371,data1,train
2.972015,2.965134,data1,train
2.101568,2.1053557,data1,train
1.9999253,2.006957,data1,train
3.3873212,3.367451,data1,train
3.608992,3.6054945,data1,train
3.997481,3.9963543,data1,train
3.1588218,3.113268,data1,train
3.12283,3.0800023,data1,train
3.5304837,3.5143838,data1,train
-0.79824203,-0.3070116,data1,train
0.84039557,0.83929825,data1,train
3.43793,3.433003,data1,train
3.2465117,3.2382057,data1,train
4.48547,4.472905,data1,train
2.7164452,2.7047446,data1,train
2.9303987,2.9212437,data1,train
2.5750384,2.570136,data1,train
4.023018,4.0145903,data1,train
2.023159,2.0118985,data1,train
3.9078083,3.8786583,data1,train
2.9793525,2.9608064,data1,train
1.0758015,1.1080313,data1,train
-1.2149082,-0.29522324,data1,train
1.7660106,1.7774258,data1,train
3.8866966,3.869909,data1,train
1.4563841,1.53003,data1,train
2.9313912,2.933439,data1,train
3.3712249,3.3560448,data1,train
2.4233449,2.4478087,data1,train
4.272458,4.264655,data1,train
2.6821737,2.6688466,data1,train
-0.56337875,0.05461073,data1,train
3.3135056,3.287799,data1,train
2.4689257,2.472386,data1,train
1.8725464,1.8668222,data1,train
2.3000774,2.2561479,data1,train
3.8138988,3.8080516,data1,train
3.5272694,3.4869633,data1,train
3.0205667,3.0042682,data1,train
3.7082076,3.6885893,data1,train
3.9580503,3.9294798,data1,train
2.9304862,2.9104,data1,train
2.9118655,2.8868518,data1,train
3.55819,3.5004346,data1,train
1.9638906,1.950386,data1,train
3.1098888,3.0798573,data1,train
1.2022476,1.247354,data1,train
2.308094,2.3107438,data1,train
2.8833113,2.8643837,data1,train
2.4988399,2.4809346,data1,train
2.7368312,2.7681694,data1,train
1.5769047,1.6055818,data1,train
0.7219072,0.7437391,data1,train
0.255995,0.2574625,data1,train
2.8277826,2.8182936,data1,train
2.6538298,2.6580687,data1,train
3.1983037,3.1887145,data1,train
0.60910326,0.7019367,data1,train
2.0267322,2.02802,data1,train
4.286752,4.258853,data1,train
1.3104069,1.3102813,data1,train
3.777164,3.7587426,data1,train
1.1757144,1.186214,data1,train
1.5383589,1.5742788,data1,train
2.989455,2.9525423,data1,train
3.3981469,3.3670793,data1,train
2.4465582,2.4431307,data1,train
3.4072835,3.3778484,data1,train
2.9928212,2.9375281,data1,train
3.208734,3.19839,data1,train
2.8681846,2.8655863,data1,train
2.4723945,2.4612966,data1,train
4.303442,4.2783804,data1,train
3.12545,3.1191525,data1,train
3.901503,3.8232713,data1,train
1.6609242,1.6809039,data1,train
3.2352366,3.125965,data1,train
2.2168183,2.2073507,data1,train
3.7478168,3.7492344,data1,train
2.31709,2.3199735,data1,train
3.8730319,3.8334398,data1,train
0.58204615,0.6897106,data1,train
2.3991725,2.4138272,data1,train
1.5824244,1.5941138,data1,train
2.678644,2.687931,data1,train
3.9487286,3.9185495,data1,train
3.1027384,3.087617,data1,train
2.9355502,2.9275494,data1,train
2.9639843,2.96114,data1,train
1.7463406,1.7175884,data1,train
2.1239038,2.12022,data1,train
3.3364558,3.3108602,data1,train
0.5809462,0.50293446,data1,train
3.4572248,3.4429152,data1,train
4.201494,4.1802855,data1,train
3.308997,3.3056672,data1,train
3.1622877,3.1372666,data1,train
3.5329223,3.5264666,data1,train
3.1235218,3.1148536,data1,train
2.589226,2.591061,data1,train
2.9822266,2.9860682,data1,train
2.91347,2.897942,data1,train
3.1405752,3.1110334,data1,train
2.9445205,2.9465134,data1,train
2.838471,2.8402655,data1,train
1.9278009,1.9210992,data1,train
2.8523061,2.8464985,data1,train
-0.5600096,-0.2596016,data1,train
2.4759007,2.4547417,data1,train
3.3906722,3.3753877,data1,train
2.7961986,2.7896585,data1,train
2.6821742,2.6771097,data1,train
2.972116,2.9306378,data1,train
3.0851047,3.0589898,data1,train
3.7134373,3.7012246,data1,train
3.6932254,3.6944947,data1,train
1.7772465,1.7937641,data1,train
3.0765505,3.0355515,data1,train
2.7728267,2.7565017,data1,train
2.754155,2.7323527,data1,train
4.048707,4.035463,data1,train
2.4646354,2.4330292,data1,train
3.4107177,3.3921013,data1,train
2.086013,2.0765743,data1,train
2.6195996,2.6077743,data1,train
1.6292138,1.6177554,data1,train
1.8412415,1.8361316,data1,train
3.015028,2.9975848,data1,train
-0.848644,-0.21943855,data1,train
2.1506312,2.1255932,data1,train
2.123811,2.1308165,data1,train
2.9135687,2.9006343,data1,train
2.4769561,2.453805,data1,train
2.8532276,2.8096294,data1,train
3.4245553,3.398099,data1,train
3.4066083,3.4085922,data1,train
3.341556,3.3630207,data1,train
3.0205534,3.007831,data1,train
2.765285,2.7442398,data1,train
2.9711199,2.938539,data1,train
1.6817006,1.6775136,data1,train
4.234038,4.205161,data1,train
1.0685129,1.0809846,data1,train
2.4201005,2.4133892,data1,train
1.098911,1.1408172,data1,train
3.9271348,3.9197993,data1,train
3.0533428,3.0749626,data1,train
3.5764875,3.542483,data1,train
1.880246,1.8626947,data1,train
3.704249,3.6937103,data1,train
1.9698064,1.9863815,data1,train
0.8250419,0.8044925,data1,train
0.04007378,0.5945983,data1,train
2.042107,2.0541837,data1,train
0.48633325,0.37054682,data1,train
3.2858717,3.2659786,data1,train
1.1203125,1.1164126,data1,train
1.5088919,1.4689393,data1,train
3.8953164,3.8617163,data1,train
3.0309153,3.0193572,data1,train
2.1440425,2.146358,data1,train
3.466249,3.4467506,data1,train
3.5374193,3.5575068,data1,train
4.0487466,4.042858,data1,train
2.452512,2.4734325,data1,train
3.689684,3.663271,data1,train
3.0298424,3.0414257,data1,train
1.2544571,1.2776184,data1,train
2.5239136,2.5285652,data1,train
2.5237448,2.5015492,data1,train
2.1734412,2.1708183,data1,train
-0.091747366,-0.019525051,data1,train
1.732507,1.7847648,data1,train
3.1420224,3.1319733,data1,train
3.7579622,3.7472537,data1,train
1.6990029,1.7187767,data1,train
2.7474284,2.7485132,data1,train
3.9901128,3.9705105,data1,train
3.5661995,3.5507662,data1,train
3.335604,3.3131104,data1,train
3.9009619,3.884895,data1,train
0.19301265,0.13825369,data1,train
1.7588193,1.7631092,data1,train
2.952323,2.957539,data1,train
3.5564053,3.5532765,data1,train
2.7565336,2.7414942,data1,train
0.26962626,0.43945694,data1,train
4.371227,4.3429704,data1,train
4.1733837,4.1630425,data1,train
1.1628082,1.1604481,data1,train
-0.82342863,-0.41072464,data1,train
2.4035347,2.383975,data1,train
2.8860354,2.9081883,data1,train
2.9145262,2.8935776,data1,train
1.7339128,1.7431264,data1,train
3.6766105,3.6694336,data1,train
2.2946289,2.2916486,data1,train
1.8794316,1.9046488,data1,train
1.0221635,1.0580649,data1,train
0.090230174,0.065133095,data1,train
2.8232682,2.8069272,data1,train
2.7560492,2.7343159,data1,train
3.1532261,3.1295,data1,train
3.9172087,3.8861842,data1,train
3.8485038,3.8158374,data1,train
4.2226915,4.2160053,data1,train
1.5648729,1.5814319,data1,train
3.027552,3.0334868,data1,train
3.2036188,3.1963391,data1,train
4.687059,4.636349,data1,train
2.9650066,2.9435234,data1,train
3.7856145,3.768762,data1,train
3.6596544,3.6311293,data1,train
4.2271442,4.201626,data1,train
2.4371748,2.4222374,data1,train
3.40631,3.3789494,data1,train
3.386006,3.3818755,data1,train
3.9083123,3.890777,data1,train
3.7001448,3.6738145,data1,train
4.046944,4.0428023,data1,train
3.365371,3.3544507,data1,train
4.086477,4.0175657,data1,train
3.1096728,3.1060238,data1,train
2.5871487,2.5963967,data1,train
3.4013257,3.4042978,data1,train
2.8804693,2.8209887,data1,train
3.5667999,3.533227,data1,train
2.9462132,2.914691,data1,train
3.5258806,3.4944465,data1,train
1.5805498,1.5733967,data1,train
3.6723197,3.6440516,data1,train
3.2752142,3.259686,data1,train
1.9972309,1.988013,data1,train
3.7981591,3.771661,data1,train
3.4537356,3.449295,data1,train
1.7641846,1.7895536,data1,train
3.432262,3.4392638,data1,train
1.5364866,1.5625124,data1,train
3.4404118,3.435783,data1,train
4.6374617,4.5915966,data1,train
3.883159,3.8563776,data1,train
1.3659241,1.3866663,data1,train
3.4400766,3.4479074,data1,train
2.1181664,2.110857,data1,train
3.224657,3.2054203,data1,train
3.0374804,3.0595336,data1,train
1.3858166,1.416712,data1,train
1.4430023,1.4494305,data1,train
4.088483,4.0628557,data1,train
2.7674496,2.757741,data1,train
1.3965387,1.4082212,data1,train
3.1737635,3.152633,data1,train
2.8587685,2.8360415,data1,train
2.480142,2.4891624,data1,train
2.802719,2.8051672,data1,train
3.0812836,3.071782,data1,train
3.1704602,3.1287858,data1,train
3.396147,3.3725026,data1,train
3.1996372,3.1921124,data1,train
4.301774,4.284235,data1,train
1.8222234,1.8561296,data1,train
2.411031,2.3942194,data1,train
2.807275,2.7885256,data1,train
2.4727902,2.4794679,data1,train
2.3971045,2.371139,data1,train
2.2778037,2.2803283,data1,train
0.8526907,0.94332504,data1,train
1.8387249,1.8206563,data1,train
3.2489147,3.243559,data1,train
3.3712285,3.3371003,data1,train
3.6267724,3.626441,data1,train
2.5063758,2.5223217,data1,train
3.232126,3.1997185,data1,train
1.9705586,1.9744077,data1,train
2.9433012,2.9249735,data1,train
3.4384718,3.4549437,data1,train
2.159801,2.158806,data1,train
2.9662347,2.9514303,data1,train
2.9723425,2.9835737,data1,train
3.8801403,3.8469958,data1,train
3.128906,3.1363854,data1,train
3.231772,3.2097344,data1,train
2.4264755,2.4296553,data1,train
1.20697,1.2652526,data1,train
4.1770477,4.176281,data1,train
3.5571954,3.5237737,data1,train
2.538112,2.530997,data1,train
2.7704892,2.7618775,data1,train
4.0768247,4.071972,data1,train
2.436437,2.4363818,data1,train
3.7146864,3.6937368,data1,train
2.8089015,2.7899735,data1,train
1.7831913,1.7759566,data1,train
2.3161964,2.3149323,data1,train
2.5291452,2.5353646,data1,train
1.8600347,1.847543,data1,train
3.72038,3.7203302,data1,train
0.632765,0.48593664,data1,train
3.6422873,3.602991,data1,train
3.0891945,3.075244,data1,train
2.6925824,2.6728258,data1,train
3.4572415,3.4642625,data1,train
2.9177465,2.9277203,data1,train
1.2346591,1.2078462,data1,train
3.061311,3.0428283,data1,train
1.8615991,1.8987269,data1,train
3.346341,3.3775878,data1,train
4.3098617,4.2791066,data1,train
3.4475248,3.42652,data1,train
3.731835,3.7039988,data1,train
3.5147989,3.490472,data1,train
3.4719748,3.4799297,data1,train
3.7409046,3.7388027,data1,train
2.5415056,2.5228827,data1,train
1.7964288,1.815176,data1,train
2.652126,2.6389058,data1,train
2.433288,2.4546628,data1,train
2.5044315,2.4933014,data1,train
2.74142,2.730925,data1,train
3.8268094,3.814804,data1,train
2.94094,2.922507,data1,train
2.2780375,2.2826078,data1,train
3.8326602,3.8070178,data1,train
2.612192,2.5997443,data1,train
3.8718178,3.85386,data1,train
2.329048,2.3133998,data1,train
3.548011,3.5438218,data1,train
3.0422657,2.9674177,data1,train
4.1190286,4.096663,data1,train
3.676323,3.6653347,data1,train
0.99063057,1.0325279,data1,train
3.168886,3.1488664,data1,train
2.1534636,2.1664383,data1,train
2.7827504,2.7779324,data1,train
2.1270971,2.1433284,data1,train
2.7946265,2.7999096,data1,train
3.4730947,3.4255443,data1,train
3.1721883,3.1524782,data1,train
3.0507367,3.0450835,data1,train
2.6158292,2.6012664,data1,train
2.879484,2.880623,data1,train
3.1928053,3.1972575,data1,train
2.6685548,2.6710744,data1,train
1.8334795,1.8456078,data1,train
2.8138192,2.8119462,data1,train
1.2635062,1.2772117,data1,train
3.5123913,3.5393968,data1,train
1.7392116,1.7480047,data1,train
3.9498975,3.9231536,data1,train
2.8250442,2.8133082,data1,train
3.5589147,3.5542755,data1,train
2.6369636,2.6099958,data1,train
0.6658881,0.65434885,data1,train
2.8669293,2.8624892,data1,train
3.7388062,3.7219648,data1,train
3.3254063,3.3253727,data1,train
3.0603254,3.0745735,data1,train
2.7812982,2.7753124,data1,train
3.6935167,3.6753087,data1,train
-2.427648,-0.26444292,data1,train
2.1674614,2.16118,data1,train
-2.2698174,-0.3996477,data1,train
2.6353972,2.6213555,data1,train
2.0820189,1.9799042,data1,train
4.065703,4.059016,data1,train
2.3802018,2.378217,data1,train
-0.36712834,-0.26115417,data1,train
2.6669307,2.6550245,data1,train
2.0739522,2.0922709,data1,train
4.306664,4.2665625,data1,train
3.0231488,3.0133376,data1,train
1.699255,1.6928678,data1,train
3.355739,3.3611066,data1,train
1.3872335,1.4182944,data1,train
2.7201123,2.7017074,data1,train
2.543313,2.5168376,data1,train
3.2201319,3.180881,data1,train
2.6473737,2.6403222,data1,train
2.7186434,2.722127,data1,train
3.2610059,3.237866,data1,train
2.7571151,2.7514844,data1,train
0.4239194,0.37418842,data1,train
2.6234052,2.6390455,data1,train
2.8164997,2.8139348,data1,train
3.1100156,3.097569,data1,train
2.7811182,2.7497368,data1,train
2.761895,2.755493,data1,train
4.5930715,4.553317,data1,train
3.2642672,3.2457657,data1,train
3.7506728,3.7304168,data1,train
3.48661,3.479254,data1,train
3.6920044,3.6854665,data1,train
2.6262798,2.5680609,data1,train
1.3946886,1.4109821,data1,train
2.4057899,2.4022694,data1,train
0.42382365,0.5725441,data1,train
2.6807418,2.7025216,data1,train
1.4057931,1.417397,data1,train
3.680749,3.6490746,data1,train
2.4235334,2.4403667,data1,train
3.2166183,3.2243981,data1,train
3.7882986,3.776173,data1,train
4.0706987,4.0658493,data1,train
3.1886985,3.1777987,data1,train
3.4223182,3.4063747,data1,train
3.0909967,3.079125,data1,train
3.9421504,3.933778,data1,train
4.430115,4.3966627,data1,train
3.3562465,3.3171084,data1,train
2.3376422,2.348968,data1,train
2.4521964,2.4409099,data1,train
-0.78929853,-0.30930614,data1,train
3.2185261,3.1802645,data1,train
3.762242,3.7422059,data1,train
3.076482,3.0503612,data1,train
3.54593,3.5464358,data1,train
3.0473354,3.0154314,data1,train
3.8032877,3.8069973,data1,train
3.204031,3.190991,data1,train
2.6899483,2.694432,data1,train
-0.2977859,0.37640858,data1,train
2.9758828,2.9479394,data1,train
2.8040993,2.7914686,data1,train
3.6561291,3.6473029,data1,train
2.8114176,2.8151493,data1,train
3.439098,3.468881,data1,train
3.3844903,3.3407598,data1,train
3.397366,3.3679433,data1,train
3.1132772,3.053998,data1,train
2.8536518,2.8421626,data1,train
2.192462,2.2034044,data1,train
3.0165913,2.987203,data1,train
3.5080295,3.4963765,data1,train
1.8437306,1.8445349,data1,train
3.1224978,3.078959,data1,train
3.794154,3.757699,data1,train
3.182878,3.1514766,data1,train
3.4551232,3.442496,data1,train
2.5287342,2.5010114,data1,train
3.2500324,3.2271857,data1,train
2.640575,2.6250696,data1,train
3.7672882,3.755517,data1,train
2.473165,2.476406,data1,train
3.2049105,3.2005296,data1,train
2.7311976,2.719864,data1,train
3.5529673,3.538569,data1,train
2.5661132,2.5589237,data1,train
1.9478271,1.9274178,data1,train
2.0567594,2.0426607,data1,train
1.1950406,1.2272148,data1,train
3.9151106,3.8708067,data1,train
3.055778,3.0419066,data1,train
1.3671519,1.428093,data1,train
3.097311,3.0886497,data1,train
3.1627464,3.1252365,data1,train
2.8705723,2.8608065,data1,train
2.0485134,2.056037,data1,train
4.2640233,4.2516165,data1,train
1.4148568,1.442802,data1,train
3.8286116,3.8181057,data1,train
3.7635643,3.7403667,data1,train
3.6731973,3.656127,data1,train
-0.23565249,0.26565504,data1,train
2.787153,2.7735367,data1,train
3.2858238,3.3109784,data1,train
4.507171,4.486085,data1,train
2.6038558,2.573624,data1,train
3.350414,3.3505397,data1,train
3.608196,3.5977213,data1,train
2.8247807,2.822771,data1,train
2.2437468,2.2538133,data1,train
-0.030885588,0.07154083,data1,train
0.9100484,0.9344268,data1,train
2.1825402,2.2076612,data1,train
3.0456986,3.0279446,data1,train
4.2815413,4.2689233,data1,train
2.9940162,2.9790525,data1,train
0.9675054,0.9991846,data1,train
-0.10430796,0.053109646,data1,train
2.7310066,2.729805,data1,train
1.8672223,1.8633151,data1,train
3.2854562,3.2746153,data1,train
2.74383,2.7342758,data1,train
1.811807,1.8191435,data1,train
2.9973238,2.9893098,data1,train
3.8155196,3.8064442,data1,train
3.9357653,3.898025,data1,train
2.024602,2.034093,data1,train
3.456132,3.434298,data1,train
3.8820965,3.8435843,data1,train
2.256051,2.2632241,data1,train
2.7765813,2.770226,data1,train
2.6015394,2.5663943,data1,train
3.8481255,3.8343587,data1,train
2.3854535,2.3923664,data1,train
3.6073604,3.5999143,data1,train
3.4395463,3.4120545,data1,train
2.661827,2.6431997,data1,train
2.6241858,2.6041427,data1,train
3.2438557,3.223898,data1,train
4.4202223,4.4020424,data1,train
3.4862242,3.4832475,data1,train
3.8535614,3.8395834,data1,train
0.9909712,1.0136557,data1,train
3.518437,3.483776,data1,train
3.2772465,3.3020215,data1,train
2.122595,2.1018424,data1,train
3.1209433,3.0925226,data1,train
1.1263436,1.1274147,data1,train
3.2990112,3.2666903,data1,train
-1.0751069,0.5695243,data1,train
3.2360218,3.2186213,data1,train
1.5616062,1.5529928,data1,train
-0.27392942,0.18809748,data1,train
0.4770405,0.7330928,data1,train
2.7982624,2.7776785,data1,train
2.6242638,2.6236653,data1,train
3.110531,3.0963526,data1,train
2.2891786,2.315752,data1,train
2.4818816,2.4968224,data1,train
2.8455255,2.875574,data1,train
3.4610643,3.4737782,data1,train
3.888923,3.8617702,data1,train
1.6887401,1.6299706,data1,train
4.515256,4.479463,data1,train
2.8563988,2.8430495,data1,train
2.3324182,2.3098493,data1,train
2.1951354,2.210666,data1,train
2.3536658,2.3499799,data1,train
1.591367,1.5971484,data1,train
2.6966426,2.6922517,data1,train
3.6534421,3.5974057,data1,train
2.444182,2.4451144,data1,train
2.8137915,2.8071733,data1,train
2.9887283,2.958519,data1,train
3.1222153,3.0942926,data1,train
4.1701045,4.1401052,data1,train
3.2893045,3.2762544,data1,train
0.6196356,0.5355215,data1,train
2.8177578,2.809844,data1,train
3.2098331,3.1699529,data1,train
3.2256413,3.1919966,data1,train
3.648788,3.6406198,data1,train
3.2991538,3.2905564,data1,train
3.1246343,3.1433253,data1,train
2.7869487,2.774508,data1,train
2.5304043,2.510252,data1,train
3.3749254,3.3440552,data1,train
3.012445,3.0077705,data1,train
3.845409,3.8214557,data1,train
2.2075415,2.2001295,data1,train
3.003254,3.0184412,data1,train
3.041865,2.994523,data1,train
3.5088851,3.4817867,data1,train
4.3531404,4.3188977,data1,train
4.220419,4.1846733,data1,train
1.6932322,1.704196,data1,train
1.592462,1.6098471,data1,train
3.143524,3.1356454,data1,train
3.2237546,3.215802,data1,train
2.5963643,2.553042,data1,train
3.2453954,3.235003,data1,train
4.140086,4.132826,data1,train
1.8402749,1.8125033,data1,train
2.8844695,2.8749163,data1,train
2.535613,2.5071087,data1,train
0.3642136,0.23439646,data1,train
3.5703053,3.5410213,data1,train
4.181188,4.15768,data1,train
2.9378307,2.9324803,data1,train
3.146209,3.1203394,data1,train
3.1628203,3.1620731,data1,train
3.2164607,3.2144625,data1,train
1.3731215,1.395575,data1,train
2.569074,2.5318108,data1,train
1.3498136,1.4051781,data1,train
2.356271,2.3486953,data1,train
0.23756607,0.23511457,data1,train
2.205939,2.1621985,data1,train
3.3178952,3.3379345,data1,train
2.9716682,2.9819787,data1,train
3.8533523,3.8484578,data1,train
2.3946826,2.391755,data1,train
2.9283714,2.9176126,data1,train
3.1972213,3.1966498,data1,train
1.5387691,1.5376577,data1,train
-2.3158107,-0.7978525,data1,train
3.1286936,3.1267207,data1,train
0.42951232,0.355474,data1,train
1.6628646,1.6914587,data1,train
2.8447924,2.8156285,data1,train
3.639221,3.6111763,data1,train
3.486984,3.4530747,data1,train
2.3581464,2.3504512,data1,train
3.0654368,3.0309963,data1,train
0.2759964,0.25327873,data1,train
4.0656524,4.0417776,data1,train
2.4823303,2.457621,data1,train
2.002209,2.0038366,data1,train
3.559799,3.5501633,data1,train
2.7452137,2.7314167,data1,train
2.0256994,2.0287614,data1,train
2.8427799,2.8304853,data1,train
1.1771061,1.2217526,data1,train
2.9183903,2.8982663,data1,train
2.6059515,2.6000776,data1,train
3.1399863,3.1085284,data1,train
3.091736,3.0679717,data1,train
2.5529795,2.530428,data1,train
2.5825129,2.5839663,data1,train
3.5360136,3.4882355,data1,train
3.6492321,3.6363144,data1,train
4.43871,4.416294,data1,train
4.780419,4.734616,data1,train
4.456302,4.418476,data1,train
0.95292306,0.9423828,data1,train
3.4208112,3.4111109,data1,train
3.796462,3.7763426,data1,train
3.7326133,3.7137647,data1,train
3.4375904,3.3951848,data1,train
3.367687,3.3764567,data1,train
3.4721677,3.4904509,data1,train
2.886522,2.8730078,data1,train
3.6720097,3.624189,data1,train
0.28473213,0.25251627,data1,train
3.2853272,3.2742472,data1,train
3.3045678,3.29873,data1,train
2.9649253,2.9267588,data1,train
3.4339905,3.3988376,data1,train
2.9536943,2.9449642,data1,train
3.4671354,3.4326525,data1,train
2.848467,2.847485,data1,train
3.563782,3.5642135,data1,train
2.7006779,2.6886744,data1,train
1.9434379,1.9617627,data1,train
3.6896844,3.667625,data1,train
2.4160647,2.416913,data1,train
0.73893183,0.74592495,data1,train
-0.5312172,-0.15543652,data1,train
2.2421968,2.2404013,data1,train
0.5695555,0.44975233,data1,train
2.8698592,2.8525167,data1,train
2.840665,2.8217895,data1,train
3.0954313,3.0506067,data1,train
4.023704,4.011149,data1,train
2.13918,2.155156,data1,train
1.9227467,1.914671,data1,train
3.7852826,3.7754512,data1,train
3.6021318,3.5921423,data1,train
3.1225796,3.097248,data1,train
1.4259992,1.4327874,data1,train
2.0927727,2.0829775,data1,train
3.3069756,3.2832294,data1,train
3.8154907,3.8045342,data1,train
1.6012902,1.6216149,data1,train
3.8182383,3.8121064,data1,train
3.0774982,3.0687332,data1,train
2.2513824,2.2471764,data1,train
1.2302907,1.2564569,data1,train
3.7014873,3.68763,data1,train
2.0758886,1.906887,data1,train
3.9905717,3.9609041,data1,train
0.9739459,0.97345686,data1,train
3.7231045,3.6917474,data1,train
3.8493261,3.8280318,data1,train
2.1127145,2.1003308,data1,train
2.7473304,2.7329993,data1,train
2.7340336,2.71101,data1,train
3.3330002,3.319531,data1,train
3.196469,3.1892023,data1,train
1.7429968,1.7300091,data1,train
3.047996,3.051363,data1,train
3.6846752,3.6744938,data1,train
3.174341,3.1307306,data1,train
2.6077452,2.591134,data1,train
1.3786457,1.3703809,data1,train
4.110132,4.1012144,data1,train
2.1125858,2.086246,data1,train
3.541114,3.5387273,data1,train
3.599004,3.589132,data1,train
0.9986706,1.0515327,data1,train
2.9894955,2.9480371,data1,train
3.7312598,3.7219212,data1,train
3.3666658,3.3713002,data1,train
3.3708553,3.3485208,data1,train
3.7395663,3.7233138,data1,train
-1.3995118,-0.13094759,data1,train
4.0335493,4.023282,data1,train
3.8862383,3.8597414,data1,train
1.4129671,1.3998508,data1,train
0.13180403,0.102341175,data1,train
4.0229096,4.0189295,data1,train
2.6800556,2.6843288,data1,train
3.7425015,3.7337635,data1,train
4.081491,4.0603437,data1,train
3.501497,3.4734159,data1,train
-0.09888131,-0.02812004,data1,train
2.6458485,2.6463318,data1,train
3.457215,3.4576192,data1,train
3.943023,3.9154472,data1,train
3.734287,3.719572,data1,train
2.319277,2.3139577,data1,train
2.8014028,2.7820568,data1,train
-0.9359661,-0.34684706,data1,train
3.0477319,3.0255642,data1,train
2.182888,2.1887035,data1,train
3.5528657,3.5261486,data1,train
-2.3123024,-0.23379612,data1,train
3.985142,3.9640622,data1,train
3.7818897,3.769323,data1,train
1.7971774,1.8133392,data1,train
3.9181097,3.8933494,data1,train
3.6267812,3.5961142,data1,train
-2.2336957,0.4506979,data1,train
2.7693968,2.7057638,data1,train
1.956784,1.9425368,data1,train
2.6937623,2.6695435,data1,train
2.6728618,2.6613789,data1,train
2.0852268,2.08531,data1,train
-0.62023365,-0.17882776,data1,train
3.169556,3.1699576,data1,train
-1.3591133,-0.60130644,data1,train
4.4848614,4.448528,data1,train
1.5195115,1.5015287,data1,train
2.9786294,2.9820895,data1,train
2.9347005,2.8929768,data1,train
3.7959294,3.7989764,data1,train
3.7730796,3.7558908,data1,train
0.9589237,1.123992,data1,train
3.1094549,3.0968974,data1,train
3.0425472,3.0331826,data1,train
3.4979055,3.4870892,data1,train
2.7727175,2.7741022,data1,train
4.67118,4.622339,data1,train
3.1976817,3.1715302,data1,train
1.8171527,1.8337405,data1,train
2.2105725,2.2051077,data1,train
3.444115,3.43423,data1,train
3.7126904,3.697817,data1,train
3.1195347,3.104402,data1,train
3.5111606,3.4875534,data1,train
2.4091563,2.3571043,data1,train
1.6686262,1.6635456,data1,train
3.3439744,3.319282,data1,train
3.3322916,3.3160543,data1,train
1.628294,1.676707,data1,train
1.6539067,1.660358,data1,train
3.3436592,3.298274,data1,train
3.1169734,3.0854025,data1,train
3.1966524,3.2078905,data1,train
2.1783354,2.173409,data1,train
2.3429801,2.336636,data1,train
3.7204068,3.7128851,data1,train
-0.6087926,-0.47929,data1,train
2.7075944,2.6950593,data1,train
1.8439934,1.8519039,data1,train
3.361267,3.3631039,data1,train
4.7734737,4.7190514,data1,train
2.578938,2.5780592,data1,train
2.3126447,2.2868237,data1,train
-2.4776785,-0.318182,data1,train
1.8902756,1.8990121,data1,train
2.1363714,2.1498861,data1,train
1.9162375,1.9263926,data1,train
1.3348079,1.3942728,data1,train
1.4395003,1.0617199,data1,train
2.1807318,2.1521559,data1,train
3.1937354,3.2198083,data1,train
3.0777566,3.0605583,data1,train
2.9624577,2.9401317,data1,train
-2.8379724,-0.3823204,data1,train
3.1323879,3.1258183,data1,train
3.1609519,3.1230035,data1,train
3.2720366,3.241404,data1,train
2.0369666,2.0277135,data1,train
1.9011633,1.9013724,data1,train
1.1657329,1.1827192,data1,train
4.1172357,4.108623,data1,train
3.5498388,3.5563045,data1,train
2.5067782,2.4894366,data1,train
3.757614,3.7510118,data1,train
2.6486735,2.6330614,data1,train
2.2624545,2.2556148,data1,train
4.3909817,4.350356,data1,train
3.7666397,3.7418075,data1,train
2.7873366,2.782176,data1,train
2.7261107,2.7193165,data1,train
3.1022375,3.079321,data1,train
0.4540289,0.35049725,data1,train
3.626524,3.5348783,data1,train
1.9017605,1.901731,data1,train
2.9757612,2.97405,data1,train
1.7850319,1.7835176,data1,train
3.0061758,3.0114293,data1,train
4.5079956,4.4675293,data1,train
1.4781693,1.4901657,data1,train
3.008729,2.9859858,data1,train
1.9414132,1.9759927,data1,train
1.3429449,1.3373108,data1,train
3.8693478,3.8389678,data1,train
3.1340163,3.090033,data1,train
3.2251034,3.2229362,data1,train
2.557709,2.564723,data1,train
2.804709,2.8032358,data1,train
3.6339648,3.6040816,data1,train
3.884342,3.9025247,data1,train
4.1406307,4.1002083,data1,train
4.266599,4.250288,data1,train
1.2155255,1.1643391,data1,train
3.6304884,3.621536,data1,train
0.22503814,0.23121119,data1,train
3.0281029,3.0083692,data1,train
2.6521063,2.6596,data1,train
3.3904743,3.386336,data1,train
3.1025765,3.0684805,data1,train
2.6363165,2.6474905,data1,train
1.275462,1.2814794,data1,train
2.7610052,2.7451406,data1,train
2.673604,2.6390758,data1,train
2.375927,2.3715444,data1,train
2.316104,2.3334692,data1,train
2.7367833,2.704351,data1,train
2.2247462,2.2309356,data1,train
3.3639946,3.3698025,data1,train
0.13722984,0.15838194,data1,train
2.981349,2.9527261,data1,train
3.1129506,3.0934443,data1,train
1.8058429,1.7932715,data1,train
1.6155777,1.608202,data1,train
2.422642,2.401412,data1,train
2.7115562,2.6988726,data1,train
3.535435,3.5159223,data1,train
3.1982515,3.1659217,data1,train
0.15007783,0.2634411,data1,train
1.9379121,1.9096322,data1,train
1.6342322,1.6345229,data1,train
1.5054523,1.4957519,data1,train
3.077765,3.0668879,data1,train
3.1963406,3.1831527,data1,train
3.887132,3.8838048,data1,train
1.6048256,1.6370621,data1,train
3.0840373,3.0638223,data1,train
4.021061,4.0020986,data1,train
4.3512454,4.339609,data1,train
3.530727,3.514335,data1,train
2.6728022,2.6720593,data1,train
2.8948636,2.872576,data1,train
3.1119347,3.1212137,data1,train
3.0880244,3.0633273,data1,train
4.035996,4.0044947,data1,train
3.7093437,3.670836,data1,train
4.2717957,4.2642984,data1,train
3.779262,3.7638059,data1,train
1.7582283,1.7699995,data1,train
2.1352658,2.1428251,data1,train
2.916759,2.8989305,data1,train
2.912734,2.9009285,data1,train
3.188636,3.141017,data1,train
3.7703974,3.7423453,data1,train
3.5977523,3.6098413,data1,train
3.2588875,3.2212372,data1,train
4.0478983,4.05069,data1,train
2.0985126,2.1271563,data1,train
3.7930615,3.7846265,data1,train
2.954705,2.9539022,data1,train
1.3372579,1.3620052,data1,train
2.929964,2.9018245,data1,train
2.8583922,2.8556805,data1,train
2.393753,2.3909605,data1,train
3.9046702,3.5835698,data2,train
4.748115,4.3969994,data2,train
4.537406,4.236239,data2,train
3.9106698,3.5959458,data2,train
3.9547534,3.6314113,data2,train
4.542417,4.129426,data2,train
4.6020393,4.282844,data2,train
4.2019486,3.9659214,data2,train
3.6844318,3.417328,data2,train
4.4160314,4.105616,data2,train
4.0053153,3.720364,data2,train
3.792205,3.4916701,data2,train
5.147805,4.7847524,data2,train
4.3588266,4.126446,data2,train
3.8825479,3.5936913,data2,train
3.428971,3.1074796,data2,train
4.4248424,4.046936,data2,train
3.1186664,2.8843803,data2,train
4.131904,3.8339105,data2,train
4.307648,4.056649,data2,train
3.3485842,3.1080217,data2,train
3.7041945,3.4182491,data2,train
3.94442,3.6386542,data2,train
3.6391177,3.443532,data2,train
3.5453696,3.261163,data2,train
4.476313,4.180046,data2,train
4.7420907,4.381841,data2,train
4.6165657,4.142253,data2,train
4.1335917,3.8312614,data2,train
4.037807,3.7572193,data2,train
3.564011,3.3386016,data2,train
3.5771391,3.3221648,data2,train
4.153523,3.8605855,data2,train
4.797499,4.573102,data2,train
4.4735823,4.191392,data2,train
3.8433838,3.4922476,data2,train
4.034451,3.7533453,data2,train
3.3484564,3.0859761,data2,train
3.900993,3.6009247,data2,train
4.839493,4.521837,data2,train
4.182409,3.9408903,data2,train
4.8534393,4.5800786,data2,train
3.665015,3.4074368,data2,train
5.358082,4.9415927,data2,train
4.3991566,4.057064,data2,train
4.096218,3.9869142,data2,train
4.2243834,3.8921354,data2,train
3.6111393,3.31076,data2,train
3.8856082,3.6051593,data2,train
4.197839,3.9327412,data2,train
4.524092,4.1947823,data2,train
3.9177048,3.5967352,data2,train
4.789966,4.529965,data2,train
4.412052,4.105471,data2,train
3.6756046,3.322415,data2,train
4.76272,4.481756,data2,train
4.231656,3.9604778,data2,train
3.4937773,3.3096745,data2,train
4.3255744,3.999051,data2,train
4.43255,4.2157946,data2,train
4.1676774,3.9056706,data2,train
4.236004,3.9680672,data2,train
4.7676487,4.3895693,data2,train
5.043617,4.572755,data2,train
4.1207857,3.8018036,data2,train
4.8067913,4.382498,data2,train
3.4036393,3.081396,data2,train
4.7762713,4.544837,data2,train
4.175279,3.9064872,data2,train
4.569514,4.2712426,data2,train
4.687671,4.4630055,data2,train
4.0968637,3.7924538,data2,train
4.6972337,4.296371,data2,train
4.0837235,3.7926419,data2,train
5.146065,4.788062,data2,train
4.8192673,4.5061884,data2,train
3.7019083,3.4864626,data2,train
3.450095,3.1231942,data2,train
5.0669093,4.7636147,data2,train
4.3632183,3.9899821,data2,train
3.9607594,3.69275,data2,train
5.2281866,4.857907,data2,train
4.6672196,4.2332077,data2,train
4.148822,3.8408017,data2,train
4.2281938,4.065596,data2,train
3.8596637,3.5345833,data2,train
3.6877055,3.4236076,data2,train
3.972764,3.648262,data2,train
4.486877,4.223901,data2,train
3.7074282,3.3460069,data2,train
4.211437,3.9542089,data2,train
4.2999578,3.9718218,data2,train
4.2609806,3.9119673,data2,train
3.9733305,3.797133,data2,train
4.2852535,4.103494,data2,train
5.5323014,5.1189456,data2,train
4.4937234,4.082151,data2,train
4.149319,3.962819,data2,train
4.7056694,4.310087,data2,train
3.731153,3.406002,data2,train
4.005765,3.6763008,data2,train
3.9079597,3.5651338,data2,train
4.5737767,4.257683,data2,train
4.715503,4.383876,data2,train
4.879446,4.5737133,data2,train
4.214225,3.977551,data2,train
3.3640144,3.1636496,data2,train
3.8905284,3.5502758,data2,train
4.6404715,4.243084,data2,train
4.811866,4.520913,data2,train
4.4886627,4.2832837,data2,train
4.2858024,3.8905659,data2,train
3.4030035,3.07092,data2,train
4.0256214,3.704196,data2,train
4.5570083,4.0957136,data2,train
4.4662256,4.2047496,data2,train
4.373522,4.1015425,data2,train
4.786055,4.433185,data2,train
4.5074263,4.1348996,data2,train
4.3448067,3.9951062,data2,train
4.5304976,4.1135006,data2,train
5.868708,5.483355,data2,train
3.6744282,3.3325236,data2,train
4.733927,4.3539386,data2,train
4.7971907,4.416809,data2,train
3.923738,3.6866107,data2,train
4.390888,3.997211,data2,train
4.438924,4.0050535,data2,train
4.2727513,4.0364685,data2,train
4.2010965,3.8949077,data2,train
4.8783154,4.5256934,data2,train
4.475627,4.2000685,data2,train
4.425878,4.0530796,data2,train
4.1741676,3.8185816,data2,train
4.55014,4.1974897,data2,train
3.9298754,3.700797,data2,train
3.9928486,3.7054124,data2,train
5.4233537,4.995176,data2,train
4.0089135,3.6220264,data2,train
3.8163323,3.4226398,data2,train
4.0389347,3.624346,data2,train
3.963437,3.8462944,data2,train
4.300225,4.165066,data2,train
4.723325,4.3259964,data2,train
4.1517,3.8300276,data2,train
3.4506326,3.1092362,data2,train
5.3015456,4.87718,data2,train
3.6778293,3.4054232,data2,train
4.03034,3.7659776,data2,train
4.610569,4.3776884,data2,train
5.5780754,5.1227274,data2,train
4.4775586,4.0614886,data2,train
3.8971581,3.6128712,data2,train
4.4610415,4.1263437,data2,train
4.3494678,4.0138226,data2,train
3.7796247,3.4822068,data2,train
4.4893117,4.192747,data2,train
3.951991,3.672338,data2,train
4.121938,3.8517106,data2,train
3.8013425,3.4982445,data2,train
3.6109104,3.3846498,data2,train
4.09985,3.7459471,data2,train
4.020801,3.6849098,data2,train
4.2930107,3.9955134,data2,train
4.1460667,3.7840307,data2,train
4.095187,3.9545932,data2,train
4.122634,3.7521095,data2,train
4.9038887,4.6114473,data2,train
4.839335,4.4449444,data2,train
4.615379,4.3396044,data2,train
3.758935,3.4500847,data2,train
4.210307,3.8237224,data2,train
3.825791,3.5937045,data2,train
4.173761,3.9044235,data2,train
4.2019024,3.8851986,data2,train
4.0871563,3.8379521,data2,train
5.6220503,5.179348,data2,train
4.1394463,3.827591,data2,train
4.443122,4.2000256,data2,train
3.896157,3.6035757,data2,train
4.9996915,4.587561,data2,train
3.86286,3.691905,data2,train
3.735106,3.476346,data2,train
4.009158,3.700956,data2,train
4.5671964,4.344818,data2,train
4.264981,3.9313955,data2,train
4.4167395,4.108656,data2,train
4.3728433,4.1330843,data2,train
4.084725,3.7705112,data2,train
4.5997553,4.2486496,data2,train
4.183819,3.8670664,data2,train
3.8933625,3.645206,data2,train
4.204213,3.9461026,data2,train
3.7696552,3.5077863,data2,train
3.4922073,3.1923869,data2,train
3.7430344,3.3908753,data2,train
4.1359386,3.8330746,data2,train
3.6728806,3.4439304,data2,train
3.7706475,3.5057583,data2,train
4.647241,4.348003,data2,train
4.601454,4.2923775,data2,train
4.188879,3.8633358,data2,train
4.3752685,4.0685496,data2,train
3.897757,3.6408718,data2,train
4.288375,4.1433516,data2,train
4.0698595,3.8283248,data2,train
5.094402,4.7839217,data2,train
4.509805,4.2801485,data2,train
4.1761007,3.9461758,data2,train
4.4020433,4.1025715,data2,train
5.275255,4.8402143,data2,train
5.204425,4.8846793,data2,train
3.6745048,3.451182,data2,train
4.64527,4.361291,data2,train
4.4848413,4.2830486,data2,train
3.9915063,3.7128227,data2,train
4.6141515,4.2941523,data2,train
3.5986872,3.3671248,data2,train
4.2803855,4.1049585,data2,train
3.806679,3.53201,data2,train
4.312904,4.0536966,data2,train
4.309568,4.0360646,data2,train
4.536125,4.1356463,data2,train
4.2907753,4.027176,data2,train
3.999038,3.784791,data2,train
3.6589596,3.4174042,data2,train
4.139982,4.0161285,data2,train
4.756346,4.4995847,data2,train
4.789067,4.394412,data2,train
3.7987573,3.4518933,data2,train
3.414421,3.1313176,data2,train
4.074046,3.726536,data2,train
4.3210096,4.129536,data2,train
4.7049227,4.4971514,data2,train
4.078067,3.8080258,data2,train
5.4869776,5.0647287,data2,train
4.6653337,4.3539915,data2,train
3.4461746,3.2205546,data2,train
4.608278,4.3246202,data2,train
4.8103514,4.433628,data2,train
4.5694017,4.2943945,data2,train
4.2098246,3.936919,data2,train
5.1864963,4.874362,data2,train
4.5128107,4.3226085,data2,train
4.7764444,4.431213,data2,train
4.4009147,4.1065626,data2,train
3.9985988,3.7114139,data2,train
4.6732316,4.3753934,data2,train
4.2566752,4.0765924,data2,train
4.14492,4.0563145,data2,train
3.8188093,3.498856,data2,train
4.189768,3.8797266,data2,train
5.0521007,4.7397223,data2,train
4.603718,4.274618,data2,train
4.002095,3.8003755,data2,train
4.010356,4.0002146,data2,train
3.6625314,3.305154,data2,train
3.9539785,3.7583556,data2,train
4.114678,3.880092,data2,train
4.556486,4.329623,data2,train
4.5192666,4.222079,data2,train
4.5890546,4.2014494,data2,train
3.868444,3.4917974,data2,train
4.6780586,4.3751497,data2,train
4.562768,4.3270555,data2,train
4.267033,3.91705,data2,train
4.010818,3.7212703,data2,train
4.1947975,3.8986392,data2,train
3.8896863,3.6044202,data2,train
3.7270713,3.4394116,data2,train
4.3681264,4.083998,data2,train
4.157713,3.9897346,data2,train
3.9030485,3.5834281,data2,train
4.618404,4.2777443,data2,train
5.6077385,5.232523,data2,train
4.6326113,4.3724117,data2,train
3.2048361,2.9912922,data2,train
4.059986,3.7057862,data2,train
4.703432,4.3972607,data2,train
5.1242447,4.835368,data2,train
3.1347759,2.9316392,data2,train
4.430613,4.0384045,data2,train
4.9415574,4.4856987,data2,train
3.6668746,3.4397285,data2,train
4.5857644,4.2691174,data2,train
4.221824,3.8391862,data2,train
3.6248944,3.2810209,data2,train
3.8462832,3.6552534,data2,train
4.4760404,4.115098,data2,train
3.8513887,3.648512,data2,train
4.3353267,4.0386066,data2,train
4.4042506,4.1764016,data2,train
4.4751105,4.218341,data2,train
4.874365,4.600116,data2,train
4.441932,4.0196085,data2,train
4.514555,4.222356,data2,train
4.3625855,3.946141,data2,train
4.82791,4.4687023,data2,train
4.3138685,4.1304765,data2,train
5.1652236,4.8037906,data2,train
4.1463456,3.844298,data2,train
4.273225,3.9292095,data2,train
3.9815671,3.6305106,data2,train
4.3602433,4.1101074,data2,train
4.092442,3.8494759,data2,train
4.0334096,3.7981358,data2,train
4.2848325,4.062344,data2,train
4.2559705,4.033825,data2,train
4.131008,3.8358266,data2,train
4.2153926,3.9224727,data2,train
4.0812397,3.7697692,data2,train
4.3195047,4.0150275,data2,train
4.4822044,4.240867,data2,train
3.8626504,3.698925,data2,train
4.291282,3.9928813,data2,train
4.980166,4.7420106,data2,train
4.155396,3.9169726,data2,train
4.361474,3.9623246,data2,train
5.0417867,4.7328997,data2,train
4.4539957,4.1226997,data2,train
5.190826,4.7540917,data2,train
3.2547345,2.9763699,data2,train
4.320868,4.085785,data2,train
3.8406236,3.526893,data2,train
4.260801,3.9146404,data2,train
3.7088506,3.4236073,data2,train
3.430573,3.1177115,data2,train
3.6468139,3.3942385,data2,train
4.3348546,4.067357,data2,train
3.6141193,3.2674298,data2,train
5.094611,4.7884183,data2,train
4.1356945,3.9055567,data2,train
3.9869246,3.7598808,data2,train
4.8558373,4.4560738,data2,train
4.4417844,4.1074615,data2,train
4.3580084,4.02756,data2,train
5.0663443,4.759811,data2,train
4.22253,4.092078,data2,train
3.9499483,3.62879,data2,train
3.6430526,3.2968688,data2,train
4.3628416,4.015645,data2,train
4.380171,4.0548844,data2,train
3.5510674,3.235683,data2,train
5.808034,5.3919883,data2,train
3.998268,3.804243,data2,train
5.3866467,4.941971,data2,train
5.6140027,5.1795826,data2,train
4.109832,3.770587,data2,train
3.9713662,3.8464222,data2,train
3.8017988,3.4875002,data2,train
4.99187,4.684021,data2,train
4.4176865,4.1937046,data2,train
4.7809587,4.5246286,data2,train
3.805647,3.4762354,data2,train
3.8268054,3.5069485,data2,train
4.6702046,4.3627625,data2,train
4.174658,3.960434,data2,train
4.879403,4.6404305,data2,train
4.725856,4.3952503,data2,train
4.0690665,3.784319,data2,train
4.326227,4.0772176,data2,train
3.6951852,3.387765,data2,train
5.252173,4.965967,data2,train
4.3971443,3.9994726,data2,train
4.9071693,4.659712,data2,train
4.289474,3.9577389,data2,train
4.4385204,4.172838,data2,train
4.904125,4.5004563,data2,train
3.9826312,3.6142719,data2,train
4.352847,3.9731317,data2,train
3.5076141,3.1540449,data2,train
4.693518,4.428152,data2,train
3.8985338,3.6170406,data2,train
4.7581596,4.441849,data2,train
4.80708,4.391334,data2,train
4.4708233,4.287355,data2,train
4.9704013,4.633972,data2,train
3.6464038,3.4218144,data2,train
4.0105176,3.7890246,data2,train
4.002136,3.7949347,data2,train
4.559912,4.2318935,data2,train
3.6094286,3.2656496,data2,train
3.871458,3.6063042,data2,train
4.9138207,4.539321,data2,train
5.124523,4.8471756,data2,train
5.442803,5.0121346,data2,train
3.9363265,3.6731336,data2,train
4.097388,3.8351643,data2,train
4.635414,4.3895583,data2,train
3.629442,3.4032693,data2,train
4.724937,4.3248887,data2,train
3.310999,2.951047,data2,train
4.3516827,3.9954486,data2,train
4.0048666,3.7267263,data2,train
4.8192677,4.3967648,data2,train
3.6946015,3.4563344,data2,train
4.0519943,3.9161732,data2,train
3.470092,3.1420002,data2,train
4.125054,3.8409376,data2,train
5.665349,5.2014666,data2,train
4.5243063,4.093951,data2,train
3.878328,3.7007587,data2,train
3.9550889,3.7344494,data2,train
3.4780445,3.3062973,data2,train
4.6473923,4.386602,data2,train
4.3082757,3.9697075,data2,train
3.9697113,3.809967,data2,train
3.821772,3.481718,data2,train
4.074773,3.719585,data2,train
3.8718944,3.6215672,data2,train
4.952113,4.5745106,data2,train
5.0275397,4.7362027,data2,train
4.5686727,4.22745,data2,train
4.5022492,4.200531,data2,train
4.5070286,4.220951,data2,train
4.132766,3.879084,data2,train
3.6856194,3.3810942,data2,train
4.2854037,3.9540691,data2,train
4.131352,3.8495312,data2,train
3.1801624,2.9065104,data2,train
5.212764,4.9055176,data2,train
4.3604445,4.016773,data2,train
3.781727,3.5360653,data2,train
4.1613665,3.8077943,data2,train
3.7534587,3.3951964,data2,train
4.1159964,3.7988796,data2,train
4.56229,4.271253,data2,train
4.0229425,3.7936473,data2,train
4.744825,4.3435545,data2,train
3.3806,3.030477,data2,train
4.00455,3.6325383,data2,train
4.986624,4.699175,data2,train
3.830487,3.501572,data2,train
4.645925,4.348297,data2,train
3.8289123,3.5665634,data2,train
5.105415,4.7312417,data2,train
4.0089417,3.7080553,data2,train
4.8871255,4.4604673,data2,train
4.002263,3.7680793,data2,train
3.985472,3.7221556,data2,train
4.5404425,4.225275,data2,train
4.744963,4.391595,data2,train
3.3232358,3.0233016,data2,train
5.2376294,4.909998,data2,train
3.7201056,3.4522295,data2,train
4.0835204,3.8036468,data2,train
3.5384028,3.205285,data2,train
3.841601,3.5484102,data2,train
3.8000834,3.6404066,data2,train
4.316562,3.9375138,data2,train
3.6177192,3.361124,data2,train
4.1539054,3.8126664,data2,train
5.3553467,5.0257297,data2,train
3.3483078,3.0503113,data2,train
4.566888,4.2502084,data2,train
4.440807,4.1915627,data2,train
3.8843193,3.5023332,data2,train
3.9077334,3.6221428,data2,train
5.049552,4.653087,data2,train
4.459046,4.282141,data2,train
3.7953966,3.632863,data2,train
4.658204,4.2696247,data2,train
4.921123,4.5524073,data2,train
3.5361488,3.2247171,data2,train
4.100462,3.8645053,data2,train
4.3966184,4.113079,data2,train
3.9353259,3.6849263,data2,train
4.3426948,4.1200976,data2,train
4.5433245,4.232805,data2,train
4.429931,3.9990702,data2,train
4.585619,4.200383,data2,train
3.612661,3.3899539,data2,train
3.994211,3.686478,data2,train
4.6830373,4.375715,data2,train
4.0440645,3.731712,data2,train
3.771649,3.512466,data2,train
4.21526,3.9208164,data2,train
4.848536,4.583582,data2,train
4.0224986,3.94428,data2,train
4.1514893,3.896021,data2,train
3.8623967,3.4950657,data2,train
4.8013163,4.4207096,data2,train
4.22537,3.9004278,data2,train
5.576973,5.1138296,data2,train
4.345864,3.9561882,data2,train
3.1751022,2.8849738,data2,train
4.6311593,4.3424807,data2,train
4.3473587,4.0277243,data2,train
4.3630424,4.0925446,data2,train
3.975842,3.716917,data2,train
3.3833725,3.048981,data2,train
4.5576954,4.132501,data2,train
4.662181,4.388216,data2,train
4.6614876,4.2910323,data2,train
4.45256,4.196862,data2,train
3.897869,3.5398712,data2,train
3.5426946,3.2990806,data2,train
4.4044647,4.1776237,data2,train
4.4107814,4.070461,data2,train
4.532546,4.2783356,data2,train
17.1,16.470078,data3,train
18.569098,20.668652,data3,train
13.551385,18.47626,data3,train
12.312132,14.977411,data3,train
24.851374,26.426273,data3,train
23.335932,17.778463,data3,train
7.874632,6.452656,data3,train
6.010296,5.892565,data3,train
19.884586,18.594296,data3,train
12.766309,15.197388,data3,train
22.706953,21.602203,data3,train
13.89353,12.60808,data3,train
12.224229,12.317509,data3,train
11.17446,14.656422,data3,train
8.264303,9.183306,data3,train
17.314463,17.012451,data3,train
9.537311,15.982311,data3,train
19.541311,24.017025,data3,train
15.407109,11.08591,data3,train
21.33474,20.682777,data3,train
8.982898,14.717762,data3,train
15.740002,16.051207,data3,train
22.475115,22.002487,data3,train
10.911292,11.339214,data3,train
23.339163,22.44675,data3,train
18.804075,17.208261,data3,train
13.885465,13.676191,data3,train
11.908125,10.5912075,data3,train
18.994638,12.411405,data3,train
10.836221,8.899668,data3,train
20.589388,24.0571,data3,train
8.396768,11.004496,data3,train
14.113192,12.33851,data3,train
15.698049,16.788757,data3,train
14.472808,18.7151,data3,train
12.407034,16.7638,data3,train
19.919693,19.902172,data3,train
23.787268,23.466003,data3,train
17.900095,21.681976,data3,train
10.690956,10.044379,data3,train
12.772667,9.609024,data3,train
19.050726,15.568081,data3,train
15.508414,13.599752,data3,train
10.493815,14.750093,data3,train
15.8019705,11.348467,data3,train
5.03865,6.452901,data3,train
7.4808726,8.446419,data3,train
13.394224,14.6503105,data3,train
10.014057,10.260841,data3,train
16.144896,19.812437,data3,train
16.171097,14.47109,data3,train
8.8635025,9.173348,data3,train
8.805479,10.586522,data3,train
19.334486,16.627954,data3,train
16.616407,13.751288,data3,train
16.59355,26.780914,data3,train
9.885712,12.220261,data3,train
23.204453,20.249363,data3,train
10.340764,9.847992,data3,train
13.469061,11.886454,data3,train
8.84593,13.514206,data3,train
17.750362,15.625706,data3,train
12.956397,13.603967,data3,train
12.755648,9.395862,data3,train
24.426088,25.054697,data3,train
18.190046,17.44288,data3,train
11.933211,11.518832,data3,train
11.0222025,16.041454,data3,train
13.537128,13.452364,data3,train
19.349842,17.082422,data3,train
19.708494,15.66077,data3,train
20.121082,20.097027,data3,train
16.76984,15.79026,data3,train
20.185524,20.169725,data3,train
11.643775,8.833225,data3,train
24.63271,27.45594,data3,train
12.24265,17.261688,data3,train
24.80939,20.870022,data3,train
9.20222,10.8407345,data3,train
9.39439,9.71501,data3,train
11.2694235,23.575748,data3,train
4.929042,8.224955,data3,train
23.497839,21.434273,data3,train
9.412876,12.337364,data3,train
26.838211,25.57772,data3,train
8.62426,14.097769,data3,train
10.374718,13.127992,data3,train
6.1230903,6.2337875,data3,train
12.19827,9.695455,data3,train
6.668071,8.008072,data3,train
12.719014,13.669234,data3,train
17.181429,12.235367,data3,train
17.278032,15.947311,data3,train
11.46337,10.045418,data3,train
8.493166,22.097828,data3,train
14.027811,11.066391,data3,train
15.864753,15.81864,data3,train
7.4079957,9.6717615,data3,train
10.777019,12.185373,data3,train
14.980456,11.032916,data3,train
