epoch,loss,data,set
1,213.7234344482422,0,train
1,201.5769500732422,0,validation
2,145.1083221435547,0,train
2,137.42845153808594,0,validation
3,113.30802154541016,0,train
3,105.66641998291016,0,validation
4,96.5648193359375,0,train
4,92.98479461669922,0,validation
5,84.98081970214844,0,train
5,84.60509490966797,0,validation
6,76.73326110839844,0,train
6,79.09791564941406,0,validation
7,70.41097259521484,0,train
7,76.13702392578125,0,validation
8,66.31986236572266,0,train
8,73.77864074707031,0,validation
9,63.05001449584961,0,train
9,71.05134582519531,0,validation
10,60.63788986206055,0,train
10,69.00629425048828,0,validation
11,58.82139587402344,0,train
11,66.88811492919922,0,validation
12,56.90630340576172,0,train
12,64.55624389648438,0,validation
13,55.276588439941406,0,train
13,63.06016159057617,0,validation
14,53.967735290527344,0,train
14,62.61284255981445,0,validation
15,52.663185119628906,0,train
15,60.86085891723633,0,validation
16,51.64458084106445,0,train
16,59.796112060546875,0,validation
17,49.936767578125,0,train
17,58.10845947265625,0,validation
18,48.829917907714844,0,train
18,57.04285430908203,0,validation
19,47.957454681396484,0,train
19,56.24764633178711,0,validation
20,48.41633987426758,0,train
20,56.64925765991211,0,validation
21,45.627655029296875,0,train
21,53.75139236450195,0,validation
22,44.8347282409668,0,train
22,52.82968521118164,0,validation
23,43.638954162597656,0,train
23,51.61382293701172,0,validation
24,42.6723747253418,0,train
24,50.510398864746094,0,validation
25,41.542816162109375,0,train
25,49.059593200683594,0,validation
26,40.58052062988281,0,train
26,48.07429504394531,0,validation
27,40.42782974243164,0,train
27,47.48533248901367,0,validation
28,38.56768035888672,0,train
28,45.925804138183594,0,validation
29,37.64638137817383,0,train
29,45.465999603271484,0,validation
30,37.26287078857422,0,train
30,44.89618682861328,0,validation
31,36.83973693847656,0,train
31,44.89552688598633,0,validation
32,35.455142974853516,0,train
32,43.65518569946289,0,validation
33,34.71778869628906,0,train
33,42.884193420410156,0,validation
34,34.21930694580078,0,train
34,42.33279037475586,0,validation
35,34.26050567626953,0,train
35,42.22162628173828,0,validation
36,33.41291046142578,0,train
36,41.59452819824219,0,validation
37,32.30215835571289,0,train
37,40.34355163574219,0,validation
38,31.694822311401367,0,train
38,40.32575225830078,0,validation
39,31.416696548461914,0,train
39,39.694175720214844,0,validation
40,31.490097045898438,0,train
40,39.50033950805664,0,validation
41,30.84858512878418,0,train
41,39.0026741027832,0,validation
42,29.878643035888672,0,train
42,39.171871185302734,0,validation
43,29.54656219482422,0,train
43,38.53559112548828,0,validation
44,28.955617904663086,0,train
44,37.6847038269043,0,validation
45,28.830957412719727,0,train
45,37.99734878540039,0,validation
46,28.42129898071289,0,train
46,37.63903045654297,0,validation
47,27.717105865478516,0,train
47,37.23834228515625,0,validation
48,27.134414672851562,0,train
48,36.524147033691406,0,validation
49,27.133338928222656,0,train
49,36.61317825317383,0,validation
50,26.995826721191406,0,train
50,36.62009811401367,0,validation
51,27.025266647338867,0,train
51,36.24039077758789,0,validation
52,26.676664352416992,0,train
52,36.20122146606445,0,validation
53,25.994924545288086,0,train
53,35.763450622558594,0,validation
54,25.440887451171875,0,train
54,35.6241340637207,0,validation
55,25.42227554321289,0,train
55,35.51356887817383,0,validation
56,25.29985237121582,0,train
56,35.34071350097656,0,validation
57,25.038469314575195,0,train
57,35.072792053222656,0,validation
58,24.632352828979492,0,train
58,34.913963317871094,0,validation
59,24.116008758544922,0,train
59,34.91960144042969,0,validation
60,24.311447143554688,0,train
60,34.84798049926758,0,validation
61,23.82155990600586,0,train
61,34.2137451171875,0,validation
62,23.8243408203125,0,train
62,34.249603271484375,0,validation
63,23.220325469970703,0,train
63,34.0999755859375,0,validation
64,23.977529525756836,0,train
64,34.54481506347656,0,validation
65,22.993310928344727,0,train
65,33.92572021484375,0,validation
66,22.845834732055664,0,train
66,33.685855865478516,0,validation
67,22.851613998413086,0,train
67,33.343563079833984,0,validation
68,22.058120727539062,0,train
68,32.74462890625,0,validation
69,21.769128799438477,0,train
69,32.84811019897461,0,validation
70,22.018325805664062,0,train
70,33.305965423583984,0,validation
71,21.82999038696289,0,train
71,32.97968292236328,0,validation
72,21.162248611450195,0,train
72,32.55064010620117,0,validation
73,21.05609893798828,0,train
73,32.543243408203125,0,validation
74,21.102373123168945,0,train
74,31.793306350708008,0,validation
75,20.84935188293457,0,train
75,32.19574737548828,0,validation
76,20.78660011291504,0,train
76,31.969932556152344,0,validation
77,21.80602264404297,0,train
77,32.503143310546875,0,validation
78,20.166584014892578,0,train
78,31.577619552612305,0,validation
79,20.14846420288086,0,train
79,32.024051666259766,0,validation
80,20.225942611694336,0,train
80,31.943979263305664,0,validation
81,19.91813087463379,0,train
81,31.566516876220703,0,validation
82,19.434276580810547,0,train
82,30.648651123046875,0,validation
83,19.524765014648438,0,train
83,31.060293197631836,0,validation
84,20.229684829711914,0,train
84,31.4447078704834,0,validation
85,19.286470413208008,0,train
85,30.60820960998535,0,validation
86,20.53733253479004,0,train
86,31.491451263427734,0,validation
87,19.293853759765625,0,train
87,30.767568588256836,0,validation
88,19.619346618652344,0,train
88,31.204376220703125,0,validation
89,19.649761199951172,0,train
89,31.357969284057617,0,validation
90,18.74835205078125,0,train
90,30.416751861572266,0,validation
91,19.501848220825195,0,train
91,30.657569885253906,0,validation
92,18.625751495361328,0,train
92,30.792707443237305,0,validation
93,18.97025489807129,0,train
93,30.611671447753906,0,validation
94,18.829261779785156,0,train
94,30.411428451538086,0,validation
95,17.843116760253906,0,train
95,29.82223129272461,0,validation
96,17.619295120239258,0,train
96,30.021013259887695,0,validation
97,17.265432357788086,0,train
97,29.4967098236084,0,validation
98,17.80413818359375,0,train
98,29.886962890625,0,validation
99,17.767425537109375,0,train
99,29.603673934936523,0,validation
100,17.427345275878906,0,train
100,29.742517471313477,0,validation
101,17.404340744018555,0,train
101,29.799612045288086,0,validation
102,17.56686782836914,0,train
102,29.971542358398438,0,validation
103,18.119598388671875,0,train
103,30.18411636352539,0,validation
104,17.13536834716797,0,train
104,29.74481201171875,0,validation
105,17.113283157348633,0,train
105,29.609296798706055,0,validation
106,16.578075408935547,0,train
106,29.073152542114258,0,validation
107,17.043365478515625,0,train
107,29.567304611206055,0,validation
108,16.298057556152344,0,train
108,28.889345169067383,0,validation
109,16.657602310180664,0,train
109,29.53667640686035,0,validation
110,17.091976165771484,0,train
110,29.38542938232422,0,validation
111,16.295228958129883,0,train
111,28.948564529418945,0,validation
112,17.103893280029297,0,train
112,30.038347244262695,0,validation
113,16.268972396850586,0,train
113,29.171707153320312,0,validation
114,17.04530143737793,0,train
114,28.98489761352539,0,validation
115,15.461329460144043,0,train
115,28.7778377532959,0,validation
116,16.60515785217285,0,train
116,29.574665069580078,0,validation
117,16.06451416015625,0,train
117,29.467126846313477,0,validation
118,16.141916275024414,0,train
118,28.740266799926758,0,validation
119,16.548173904418945,0,train
119,29.775476455688477,0,validation
120,15.822277069091797,0,train
120,28.793439865112305,0,validation
121,15.206389427185059,0,train
121,28.38600730895996,0,validation
122,15.200925827026367,0,train
122,28.30073356628418,0,validation
123,15.274840354919434,0,train
123,28.622507095336914,0,validation
124,15.438962936401367,0,train
124,28.338539123535156,0,validation
125,15.032700538635254,0,train
125,28.160104751586914,0,validation
126,15.696483612060547,0,train
126,28.1436824798584,0,validation
127,14.755916595458984,0,train
127,28.08264923095703,0,validation
128,15.188767433166504,0,train
128,28.37150001525879,0,validation
129,14.694778442382812,0,train
129,28.455005645751953,0,validation
130,14.75175666809082,0,train
130,28.191904067993164,0,validation
131,14.552874565124512,0,train
131,27.834583282470703,0,validation
132,14.956767082214355,0,train
132,27.804201126098633,0,validation
133,14.315376281738281,0,train
133,27.71914291381836,0,validation
134,14.407028198242188,0,train
134,28.03078842163086,0,validation
135,14.785077095031738,0,train
135,28.012300491333008,0,validation
136,14.95728874206543,0,train
136,28.421018600463867,0,validation
137,15.323871612548828,0,train
137,27.909624099731445,0,validation
138,15.861809730529785,0,train
138,29.357614517211914,0,validation
139,14.5075101852417,0,train
139,27.86113739013672,0,validation
140,14.935760498046875,0,train
140,28.033823013305664,0,validation
141,14.74122428894043,0,train
141,27.679922103881836,0,validation
142,13.73033332824707,0,train
142,26.899118423461914,0,validation
143,14.54568862915039,0,train
143,27.52838897705078,0,validation
144,13.570352554321289,0,train
144,27.1260929107666,0,validation
145,15.447630882263184,0,train
145,28.5301570892334,0,validation
146,13.667828559875488,0,train
146,26.90195655822754,0,validation
147,13.3499755859375,0,train
147,27.001516342163086,0,validation
148,14.13063907623291,0,train
148,27.50556755065918,0,validation
149,13.53447437286377,0,train
149,27.477773666381836,0,validation
150,13.69551944732666,0,train
150,27.724380493164062,0,validation
151,13.629956245422363,0,train
151,27.52737045288086,0,validation
152,13.9633207321167,0,train
152,27.72412109375,0,validation
153,14.02567195892334,0,train
153,26.901546478271484,0,validation
154,13.779916763305664,0,train
154,27.876802444458008,0,validation
155,13.679023742675781,0,train
155,26.990461349487305,0,validation
156,14.220062255859375,0,train
156,27.522153854370117,0,validation
157,12.906042098999023,0,train
157,27.31254768371582,0,validation
158,13.362373352050781,0,train
158,27.164627075195312,0,validation
159,13.820778846740723,0,train
159,27.43570327758789,0,validation
160,13.554746627807617,0,train
160,27.070404052734375,0,validation
161,13.149959564208984,0,train
161,26.86810302734375,0,validation
162,13.147163391113281,0,train
162,26.59960174560547,0,validation
163,13.285628318786621,0,train
163,27.33991813659668,0,validation
164,13.35469913482666,0,train
164,26.601688385009766,0,validation
165,12.439227104187012,0,train
165,26.50244903564453,0,validation
166,13.376829147338867,0,train
166,26.808748245239258,0,validation
167,12.604255676269531,0,train
167,26.663612365722656,0,validation
168,14.033358573913574,0,train
168,28.080381393432617,0,validation
169,12.968696594238281,0,train
169,27.012184143066406,0,validation
170,12.36093521118164,0,train
170,26.36642837524414,0,validation
171,13.479222297668457,0,train
171,26.868450164794922,0,validation
172,12.461152076721191,0,train
172,26.455245971679688,0,validation
173,12.67224407196045,0,train
173,26.644773483276367,0,validation
174,12.716835975646973,0,train
174,26.271413803100586,0,validation
175,12.7029447555542,0,train
175,26.520946502685547,0,validation
176,13.316183090209961,0,train
176,27.255577087402344,0,validation
177,12.795031547546387,0,train
177,26.779373168945312,0,validation
178,12.43293285369873,0,train
178,26.707931518554688,0,validation
179,12.825580596923828,0,train
179,26.94529914855957,0,validation
180,12.287817001342773,0,train
180,26.3504581451416,0,validation
181,13.078356742858887,0,train
181,26.560123443603516,0,validation
182,12.583978652954102,0,train
182,26.480735778808594,0,validation
183,12.473617553710938,0,train
183,26.450904846191406,0,validation
184,12.171109199523926,0,train
184,26.28314208984375,0,validation
185,12.653768539428711,0,train
185,26.211206436157227,0,validation
186,12.4950590133667,0,train
186,25.914981842041016,0,validation
187,12.090217590332031,0,train
187,25.941967010498047,0,validation
188,11.93608283996582,0,train
188,26.123432159423828,0,validation
189,12.280832290649414,0,train
189,26.345073699951172,0,validation
190,13.018311500549316,0,train
190,26.82154083251953,0,validation
191,12.177898406982422,0,train
191,26.1209716796875,0,validation
192,12.717129707336426,0,train
192,26.66323471069336,0,validation
193,12.000856399536133,0,train
193,26.06095314025879,0,validation
194,11.780315399169922,0,train
194,26.153356552124023,0,validation
195,12.558932304382324,0,train
195,26.406173706054688,0,validation
196,12.762083053588867,0,train
196,26.132625579833984,0,validation
197,12.166049003601074,0,train
197,26.287704467773438,0,validation
198,11.496925354003906,0,train
198,25.88445472717285,0,validation
199,11.566847801208496,0,train
199,25.980064392089844,0,validation
200,11.954146385192871,0,train
200,25.9698429107666,0,validation
201,11.687793731689453,0,train
201,25.616252899169922,0,validation
202,11.918301582336426,0,train
202,26.371469497680664,0,validation
203,12.921552658081055,0,train
203,26.81564712524414,0,validation
204,11.890379905700684,0,train
204,26.091188430786133,0,validation
205,12.054444313049316,0,train
205,26.263071060180664,0,validation
206,11.903949737548828,0,train
206,25.76077651977539,0,validation
207,11.884551048278809,0,train
207,26.070253372192383,0,validation
208,11.513065338134766,0,train
208,25.652265548706055,0,validation
209,11.521597862243652,0,train
209,25.714889526367188,0,validation
210,11.805322647094727,0,train
210,25.992141723632812,0,validation
211,12.559901237487793,0,train
211,26.126216888427734,0,validation
212,11.6512451171875,0,train
212,25.64773941040039,0,validation
213,11.384308815002441,0,train
213,26.143220901489258,0,validation
214,11.51507568359375,0,train
214,26.228261947631836,0,validation
215,11.405448913574219,0,train
215,25.686487197875977,0,validation
216,12.726696014404297,0,train
216,26.679880142211914,0,validation
217,11.932146072387695,0,train
217,25.812185287475586,0,validation
218,11.142613410949707,0,train
218,25.673587799072266,0,validation
219,11.63645076751709,0,train
219,26.12188720703125,0,validation
220,11.020967483520508,0,train
220,25.503042221069336,0,validation
221,11.722688674926758,0,train
221,25.856115341186523,0,validation
222,10.903947830200195,0,train
222,25.472646713256836,0,validation
223,11.52377700805664,0,train
223,26.212444305419922,0,validation
224,10.852270126342773,0,train
224,25.384157180786133,0,validation
225,10.968267440795898,0,train
225,25.454833984375,0,validation
226,11.0628080368042,0,train
226,25.507709503173828,0,validation
227,11.236016273498535,0,train
227,25.589767456054688,0,validation
228,11.440887451171875,0,train
228,25.95517349243164,0,validation
229,10.904732704162598,0,train
229,25.48968505859375,0,validation
230,11.536188125610352,0,train
230,25.903656005859375,0,validation
231,13.413420677185059,0,train
231,26.687353134155273,0,validation
232,11.233258247375488,0,train
232,25.547319412231445,0,validation
233,12.047021865844727,0,train
233,25.623380661010742,0,validation
234,11.551259994506836,0,train
234,25.49107551574707,0,validation
235,11.04688549041748,0,train
235,25.852340698242188,0,validation
236,10.495399475097656,0,train
236,25.28647232055664,0,validation
237,10.998550415039062,0,train
237,25.154375076293945,0,validation
238,12.332083702087402,0,train
238,25.668588638305664,0,validation
239,11.167015075683594,0,train
239,25.5167179107666,0,validation
240,11.144994735717773,0,train
240,25.441118240356445,0,validation
241,11.034589767456055,0,train
241,25.077272415161133,0,validation
242,10.85167121887207,0,train
242,25.26241111755371,0,validation
243,10.792938232421875,0,train
243,25.50713539123535,0,validation
244,11.203580856323242,0,train
244,25.128650665283203,0,validation
245,11.10997200012207,0,train
245,25.383085250854492,0,validation
246,11.905426025390625,0,train
246,25.15799331665039,0,validation
247,11.081524848937988,0,train
247,25.544214248657227,0,validation
248,10.837364196777344,0,train
248,25.843364715576172,0,validation
249,11.142078399658203,0,train
249,25.449735641479492,0,validation
250,11.1926908493042,0,train
250,25.346458435058594,0,validation
251,11.305619239807129,0,train
251,25.54302978515625,0,validation
252,11.446959495544434,0,train
252,25.517932891845703,0,validation
253,11.140844345092773,0,train
253,25.47952651977539,0,validation
254,11.636388778686523,0,train
254,25.78274154663086,0,validation
255,10.773260116577148,0,train
255,25.257001876831055,0,validation
256,11.354225158691406,0,train
256,25.170093536376953,0,validation
257,10.104455947875977,0,train
257,25.101335525512695,0,validation
258,11.04741382598877,0,train
258,25.68069076538086,0,validation
259,10.989821434020996,0,train
259,25.595617294311523,0,validation
260,11.013729095458984,0,train
260,25.232816696166992,0,validation
261,11.765482902526855,0,train
261,25.82784080505371,0,validation
262,11.90514087677002,0,train
262,25.879507064819336,0,validation
263,10.518506050109863,0,train
263,24.94419288635254,0,validation
264,9.976301193237305,0,train
264,25.037025451660156,0,validation
265,10.401805877685547,0,train
265,24.866680145263672,0,validation
266,10.307711601257324,0,train
266,25.08049201965332,0,validation
267,10.893266677856445,0,train
267,25.4449405670166,0,validation
268,10.569111824035645,0,train
268,24.98345947265625,0,validation
269,11.703045845031738,0,train
269,25.29149055480957,0,validation
270,10.852594375610352,0,train
270,25.106782913208008,0,validation
271,10.114065170288086,0,train
271,24.611085891723633,0,validation
272,10.346738815307617,0,train
272,24.787738800048828,0,validation
273,10.24649429321289,0,train
273,24.56939697265625,0,validation
274,9.814714431762695,0,train
274,24.719884872436523,0,validation
275,9.994243621826172,0,train
275,24.895462036132812,0,validation
276,10.956896781921387,0,train
276,25.557762145996094,0,validation
277,10.412485122680664,0,train
277,24.850038528442383,0,validation
278,9.722683906555176,0,train
278,25.165857315063477,0,validation
279,10.562721252441406,0,train
279,24.9696044921875,0,validation
280,9.925475120544434,0,train
280,24.839277267456055,0,validation
281,10.4896240234375,0,train
281,25.10214614868164,0,validation
282,9.90410041809082,0,train
282,24.7178897857666,0,validation
283,10.344228744506836,0,train
283,25.814584732055664,0,validation
284,9.579582214355469,0,train
284,24.517662048339844,0,validation
285,9.961068153381348,0,train
285,25.026395797729492,0,validation
286,9.869196891784668,0,train
286,24.847009658813477,0,validation
287,10.33558177947998,0,train
287,24.69852066040039,0,validation
288,10.324283599853516,0,train
288,25.168140411376953,0,validation
289,9.975255966186523,0,train
289,25.05362319946289,0,validation
290,10.778470993041992,0,train
290,25.16822624206543,0,validation
291,10.328051567077637,0,train
291,24.738452911376953,0,validation
292,10.387336730957031,0,train
292,24.95965576171875,0,validation
293,10.06045913696289,0,train
293,24.816587448120117,0,validation
294,11.808834075927734,0,train
294,25.363920211791992,0,validation
295,9.616183280944824,0,train
295,24.666372299194336,0,validation
296,10.216053009033203,0,train
296,24.69959831237793,0,validation
297,10.30359172821045,0,train
297,24.94524574279785,0,validation
298,10.196322441101074,0,train
298,24.518281936645508,0,validation
299,10.756562232971191,0,train
299,24.940298080444336,0,validation
300,10.347617149353027,0,train
300,24.790037155151367,0,validation
301,9.62885856628418,0,train
301,24.368743896484375,0,validation
302,9.968744277954102,0,train
302,24.730924606323242,0,validation
303,10.744147300720215,0,train
303,24.94489860534668,0,validation
304,11.127140998840332,0,train
304,24.848148345947266,0,validation
305,9.350996971130371,0,train
305,24.53847885131836,0,validation
306,9.654251098632812,0,train
306,24.60447883605957,0,validation
307,10.180806159973145,0,train
307,24.841909408569336,0,validation
308,9.701745986938477,0,train
308,24.38627815246582,0,validation
309,10.09792709350586,0,train
309,24.697786331176758,0,validation
310,9.442055702209473,0,train
310,24.920896530151367,0,validation
311,9.901066780090332,0,train
311,24.14060401916504,0,validation
312,9.59799861907959,0,train
312,24.674251556396484,0,validation
313,9.357246398925781,0,train
313,24.488712310791016,0,validation
314,9.454395294189453,0,train
314,24.218584060668945,0,validation
315,10.2262544631958,0,train
315,24.39057731628418,0,validation
316,9.564041137695312,0,train
316,23.788158416748047,0,validation
317,9.61190414428711,0,train
317,24.22726058959961,0,validation
318,9.228610038757324,0,train
318,24.745086669921875,0,validation
319,10.350197792053223,0,train
319,24.81516456604004,0,validation
320,9.185389518737793,0,train
320,24.607254028320312,0,validation
321,10.40811538696289,0,train
321,24.85365867614746,0,validation
322,9.678901672363281,0,train
322,24.310094833374023,0,validation
323,9.629185676574707,0,train
323,24.567514419555664,0,validation
324,9.675959587097168,0,train
324,24.522260665893555,0,validation
325,11.184350967407227,0,train
325,24.84335708618164,0,validation
326,9.352996826171875,0,train
326,24.059892654418945,0,validation
327,9.319459915161133,0,train
327,24.312225341796875,0,validation
328,8.80776309967041,0,train
328,24.03705596923828,0,validation
329,10.46180534362793,0,train
329,24.805898666381836,0,validation
330,11.378776550292969,0,train
330,25.257299423217773,0,validation
331,10.021260261535645,0,train
331,24.488174438476562,0,validation
332,10.004925727844238,0,train
332,24.667205810546875,0,validation
333,10.438490867614746,0,train
333,24.780561447143555,0,validation
334,9.714129447937012,0,train
334,23.84646987915039,0,validation
335,9.828836441040039,0,train
335,24.283239364624023,0,validation
336,9.384538650512695,0,train
336,24.37885856628418,0,validation
337,9.45923900604248,0,train
337,23.69850730895996,0,validation
338,10.069019317626953,0,train
338,24.299877166748047,0,validation
339,9.6588716506958,0,train
339,24.076900482177734,0,validation
340,8.602572441101074,0,train
340,23.789926528930664,0,validation
341,8.625452041625977,0,train
341,23.89925193786621,0,validation
342,9.262471199035645,0,train
342,23.97516632080078,0,validation
343,9.077768325805664,0,train
343,24.22637939453125,0,validation
344,10.294096946716309,0,train
344,24.409269332885742,0,validation
345,9.54101276397705,0,train
345,24.066795349121094,0,validation
346,9.646880149841309,0,train
346,24.4564266204834,0,validation
347,11.044625282287598,0,train
347,24.96411895751953,0,validation
348,9.94868278503418,0,train
348,24.681236267089844,0,validation
349,9.00053882598877,0,train
349,24.055932998657227,0,validation
350,9.11721134185791,0,train
350,24.25649642944336,0,validation
351,9.401129722595215,0,train
351,24.249330520629883,0,validation
352,9.275935173034668,0,train
352,23.910808563232422,0,validation
353,9.959895133972168,0,train
353,24.07193946838379,0,validation
354,9.008018493652344,0,train
354,23.933103561401367,0,validation
355,9.292364120483398,0,train
355,24.05450439453125,0,validation
356,9.505658149719238,0,train
356,23.71849822998047,0,validation
357,8.654903411865234,0,train
357,23.839513778686523,0,validation
358,9.263386726379395,0,train
358,23.996854782104492,0,validation
359,9.94259262084961,0,train
359,24.600688934326172,0,validation
360,8.451794624328613,0,train
360,23.738534927368164,0,validation
361,9.469219207763672,0,train
361,23.614084243774414,0,validation
362,9.673958778381348,0,train
362,24.104721069335938,0,validation
363,9.846724510192871,0,train
363,24.696895599365234,0,validation
364,8.850920677185059,0,train
364,24.3367862701416,0,validation
365,8.97509765625,0,train
365,24.162473678588867,0,validation
366,8.92268180847168,0,train
366,23.78831672668457,0,validation
367,8.825642585754395,0,train
367,23.80117416381836,0,validation
368,9.004794120788574,0,train
368,24.226253509521484,0,validation
369,8.955216407775879,0,train
369,23.869007110595703,0,validation
370,8.517781257629395,0,train
370,23.857479095458984,0,validation
371,10.227165222167969,0,train
371,24.45920181274414,0,validation
372,8.917694091796875,0,train
372,23.603647232055664,0,validation
373,8.858887672424316,0,train
373,23.821409225463867,0,validation
374,8.643607139587402,0,train
374,23.894195556640625,0,validation
375,9.528608322143555,0,train
375,23.491962432861328,0,validation
376,8.974604606628418,0,train
376,23.857688903808594,0,validation
377,8.880767822265625,0,train
377,23.4392032623291,0,validation
378,9.10663890838623,0,train
378,23.4813289642334,0,validation
379,9.083736419677734,0,train
379,24.36142349243164,0,validation
380,9.609517097473145,0,train
380,24.45013999938965,0,validation
381,9.40218734741211,0,train
381,24.010343551635742,0,validation
382,9.551466941833496,0,train
382,24.84491539001465,0,validation
383,9.424422264099121,0,train
383,24.006866455078125,0,validation
384,10.504977226257324,0,train
384,24.83134651184082,0,validation
385,8.94898509979248,0,train
385,24.022655487060547,0,validation
386,9.217791557312012,0,train
386,23.83676528930664,0,validation
387,8.764656066894531,0,train
387,23.851425170898438,0,validation
388,10.047392845153809,0,train
388,23.586082458496094,0,validation
389,8.567675590515137,0,train
389,24.035940170288086,0,validation
390,9.023423194885254,0,train
390,23.76612091064453,0,validation
391,8.332491874694824,0,train
391,23.365306854248047,0,validation
392,8.75924015045166,0,train
392,24.22707176208496,0,validation
393,8.587907791137695,0,train
393,23.524736404418945,0,validation
394,9.28964614868164,0,train
394,23.541547775268555,0,validation
395,9.650026321411133,0,train
395,24.11326789855957,0,validation
396,8.620458602905273,0,train
396,24.05494499206543,0,validation
397,9.462218284606934,0,train
397,24.027441024780273,0,validation
398,9.104626655578613,0,train
398,23.59844398498535,0,validation
399,9.45594310760498,0,train
399,24.25469398498535,0,validation
400,8.669698715209961,0,train
400,23.55152130126953,0,validation
401,8.761950492858887,0,train
401,23.373064041137695,0,validation
402,9.495078086853027,0,train
402,23.951370239257812,0,validation
403,8.696650505065918,0,train
403,23.51846694946289,0,validation
404,8.8624906539917,0,train
404,23.565237045288086,0,validation
405,8.936982154846191,0,train
405,23.813766479492188,0,validation
406,8.239551544189453,0,train
406,23.642776489257812,0,validation
407,9.686087608337402,0,train
407,24.084232330322266,0,validation
408,8.64247989654541,0,train
408,23.525787353515625,0,validation
409,8.788230895996094,0,train
409,23.544164657592773,0,validation
410,9.349517822265625,0,train
410,24.007099151611328,0,validation
411,8.47581672668457,0,train
411,23.470916748046875,0,validation
412,8.357268333435059,0,train
412,23.16032600402832,0,validation
413,8.780867576599121,0,train
413,23.349660873413086,0,validation
414,8.920175552368164,0,train
414,23.380735397338867,0,validation
415,9.03368091583252,0,train
415,23.731605529785156,0,validation
416,9.141736030578613,0,train
416,23.517595291137695,0,validation
417,8.441058158874512,0,train
417,23.19964599609375,0,validation
418,8.973191261291504,0,train
418,23.755924224853516,0,validation
419,8.809930801391602,0,train
419,23.70012855529785,0,validation
420,9.078933715820312,0,train
420,23.54671287536621,0,validation
421,8.611434936523438,0,train
421,23.410493850708008,0,validation
422,8.374299049377441,0,train
422,23.476177215576172,0,validation
423,8.142227172851562,0,train
423,23.391984939575195,0,validation
424,8.074556350708008,0,train
424,23.283714294433594,0,validation
425,9.119919776916504,0,train
425,23.689830780029297,0,validation
426,9.515693664550781,0,train
426,23.335010528564453,0,validation
427,7.848848819732666,0,train
427,23.196918487548828,0,validation
428,8.253288269042969,0,train
428,23.215656280517578,0,validation
429,8.833659172058105,0,train
429,23.69336700439453,0,validation
430,9.17131233215332,0,train
430,23.676136016845703,0,validation
431,8.70357894897461,0,train
431,23.45920753479004,0,validation
432,8.79097843170166,0,train
432,23.621538162231445,0,validation
433,9.248367309570312,0,train
433,23.605979919433594,0,validation
434,8.383049011230469,0,train
434,23.069726943969727,0,validation
435,8.674062728881836,0,train
435,23.668519973754883,0,validation
436,8.131270408630371,0,train
436,23.32265853881836,0,validation
437,9.196633338928223,0,train
437,23.382699966430664,0,validation
438,8.331598281860352,0,train
438,23.05392837524414,0,validation
439,8.6257905960083,0,train
439,23.37424087524414,0,validation
440,9.47037124633789,0,train
440,24.376760482788086,0,validation
441,9.061306953430176,0,train
441,23.738954544067383,0,validation
442,8.294624328613281,0,train
442,23.506872177124023,0,validation
443,8.526300430297852,0,train
443,23.56282615661621,0,validation
444,8.202672958374023,0,train
444,23.375041961669922,0,validation
445,8.582701683044434,0,train
445,23.900583267211914,0,validation
446,7.915408611297607,0,train
446,23.120155334472656,0,validation
447,9.387635231018066,0,train
447,23.65070152282715,0,validation
448,8.904022216796875,0,train
448,23.25442123413086,0,validation
449,7.930070400238037,0,train
449,23.118560791015625,0,validation
450,9.175261497497559,0,train
450,23.456398010253906,0,validation
451,8.483132362365723,0,train
451,23.546070098876953,0,validation
452,8.344168663024902,0,train
452,23.58495330810547,0,validation
453,8.6941556930542,0,train
453,23.344533920288086,0,validation
454,8.849263191223145,0,train
454,23.605060577392578,0,validation
455,7.77855920791626,0,train
455,23.13667869567871,0,validation
456,8.046561241149902,0,train
456,23.674131393432617,0,validation
457,8.11376953125,0,train
457,23.16464614868164,0,validation
458,9.132583618164062,0,train
458,23.565187454223633,0,validation
459,8.409791946411133,0,train
459,23.453948974609375,0,validation
460,8.906007766723633,0,train
460,23.79542350769043,0,validation
461,9.142972946166992,0,train
461,23.53209686279297,0,validation
462,8.301542282104492,0,train
462,23.555389404296875,0,validation
463,8.898880958557129,0,train
463,23.152015686035156,0,validation
464,8.648317337036133,0,train
464,23.31637191772461,0,validation
465,8.61540699005127,0,train
465,23.719837188720703,0,validation
466,8.537520408630371,0,train
466,23.84905242919922,0,validation
467,7.881040573120117,0,train
467,23.493576049804688,0,validation
468,9.040020942687988,0,train
468,23.661731719970703,0,validation
469,9.075559616088867,0,train
469,23.951601028442383,0,validation
470,10.326210975646973,0,train
470,24.517444610595703,0,validation
471,8.219106674194336,0,train
471,23.09638023376465,0,validation
472,9.700286865234375,0,train
472,24.279630661010742,0,validation
473,8.10376262664795,0,train
473,23.404682159423828,0,validation
474,8.217090606689453,0,train
474,23.67064666748047,0,validation
475,8.384385108947754,0,train
475,23.336326599121094,0,validation
476,7.594478130340576,0,train
476,23.146244049072266,0,validation
477,7.936017990112305,0,train
477,23.440492630004883,0,validation
478,7.956443786621094,0,train
478,23.028669357299805,0,validation
479,9.059443473815918,0,train
479,24.108619689941406,0,validation
480,8.596382141113281,0,train
480,23.186416625976562,0,validation
481,9.31557559967041,0,train
481,23.40825080871582,0,validation
482,8.560101509094238,0,train
482,23.060726165771484,0,validation
483,8.25407600402832,0,train
483,23.314281463623047,0,validation
484,8.825349807739258,0,train
484,23.386037826538086,0,validation
485,8.845560073852539,0,train
485,23.47771644592285,0,validation
486,9.15168571472168,0,train
486,23.288497924804688,0,validation
487,8.697975158691406,0,train
487,23.28525161743164,0,validation
488,7.752258777618408,0,train
488,22.988548278808594,0,validation
489,7.493018627166748,0,train
489,23.178274154663086,0,validation
490,9.327187538146973,0,train
490,23.4057559967041,0,validation
491,8.628616333007812,0,train
491,22.999677658081055,0,validation
492,8.093046188354492,0,train
492,23.09244728088379,0,validation
493,9.149192810058594,0,train
493,23.997425079345703,0,validation
494,9.44155216217041,0,train
494,24.344758987426758,0,validation
495,8.110480308532715,0,train
495,23.06496238708496,0,validation
496,7.7456440925598145,0,train
496,23.41817283630371,0,validation
497,7.767665863037109,0,train
497,23.144689559936523,0,validation
498,8.761963844299316,0,train
498,23.57785415649414,0,validation
499,8.07187271118164,0,train
499,23.48180389404297,0,validation
500,8.66360855102539,0,train
500,22.789257049560547,0,validation
501,7.689539909362793,0,train
501,23.16811180114746,0,validation
502,8.638093948364258,0,train
502,23.35700798034668,0,validation
503,7.709068298339844,0,train
503,22.703689575195312,0,validation
504,9.43957805633545,0,train
504,24.003820419311523,0,validation
505,7.651551246643066,0,train
505,22.589521408081055,0,validation
506,8.048039436340332,0,train
506,23.303693771362305,0,validation
507,7.701471328735352,0,train
507,23.066516876220703,0,validation
508,8.329961776733398,0,train
508,23.172842025756836,0,validation
509,7.567587375640869,0,train
509,22.914907455444336,0,validation
510,7.9904680252075195,0,train
510,22.988786697387695,0,validation
511,8.462011337280273,0,train
511,23.069091796875,0,validation
512,8.059931755065918,0,train
512,23.112707138061523,0,validation
513,7.935645580291748,0,train
513,22.868745803833008,0,validation
514,7.893813610076904,0,train
514,23.089122772216797,0,validation
515,8.08254623413086,0,train
515,23.337947845458984,0,validation
516,8.350714683532715,0,train
516,23.321319580078125,0,validation
517,8.196516036987305,0,train
517,22.99163818359375,0,validation
518,9.002878189086914,0,train
518,23.513351440429688,0,validation
519,7.3536505699157715,0,train
519,22.751468658447266,0,validation
520,8.319148063659668,0,train
520,23.150693893432617,0,validation
521,7.951827049255371,0,train
521,23.132749557495117,0,validation
522,8.091529846191406,0,train
522,23.330463409423828,0,validation
523,7.943789482116699,0,train
523,22.828880310058594,0,validation
524,8.101705551147461,0,train
524,23.434837341308594,0,validation
525,8.595686912536621,0,train
525,23.189271926879883,0,validation
526,8.084941864013672,0,train
526,23.607221603393555,0,validation
527,7.512311935424805,0,train
527,23.146028518676758,0,validation
528,8.205484390258789,0,train
528,23.306255340576172,0,validation
529,7.971741199493408,0,train
529,23.12298583984375,0,validation
530,9.204572677612305,0,train
530,23.742164611816406,0,validation
531,8.118595123291016,0,train
531,23.028352737426758,0,validation
532,7.8558669090271,0,train
532,22.875965118408203,0,validation
533,7.862487316131592,0,train
533,22.976520538330078,0,validation
534,8.113229751586914,0,train
534,23.15243911743164,0,validation
535,7.467443466186523,0,train
535,22.588701248168945,0,validation
536,8.492654800415039,0,train
536,23.783973693847656,0,validation
537,8.187923431396484,0,train
537,23.429359436035156,0,validation
538,7.945140838623047,0,train
538,23.04991912841797,0,validation
539,8.694533348083496,0,train
539,23.118616104125977,0,validation
540,9.049917221069336,0,train
540,23.339242935180664,0,validation
541,7.396092891693115,0,train
541,22.92024040222168,0,validation
542,9.052002906799316,0,train
542,23.278345108032227,0,validation
543,8.211170196533203,0,train
543,22.838483810424805,0,validation
544,8.240900039672852,0,train
544,22.84967803955078,0,validation
545,8.441524505615234,0,train
545,23.023021697998047,0,validation
546,8.335660934448242,0,train
546,23.179828643798828,0,validation
547,8.128844261169434,0,train
547,23.439453125,0,validation
548,7.548808574676514,0,train
548,23.513242721557617,0,validation
549,10.421732902526855,0,train
549,24.07074546813965,0,validation
550,7.608883857727051,0,train
550,22.801713943481445,0,validation
551,7.057572364807129,0,train
551,22.418663024902344,0,validation
552,7.676584720611572,0,train
552,22.576034545898438,0,validation
553,9.672807693481445,0,train
553,23.35084342956543,0,validation
554,8.230600357055664,0,train
554,22.75776481628418,0,validation
555,8.638280868530273,0,train
555,22.662612915039062,0,validation
556,7.90249490737915,0,train
556,23.161787033081055,0,validation
557,8.493370056152344,0,train
557,22.94707679748535,0,validation
558,8.901749610900879,0,train
558,23.54569435119629,0,validation
559,7.933282852172852,0,train
559,23.223766326904297,0,validation
560,7.6134772300720215,0,train
560,23.212308883666992,0,validation
561,7.251218318939209,0,train
561,22.93468475341797,0,validation
562,8.020184516906738,0,train
562,23.154918670654297,0,validation
563,7.757943630218506,0,train
563,22.870519638061523,0,validation
564,8.56319522857666,0,train
564,23.289989471435547,0,validation
565,8.170201301574707,0,train
565,23.192611694335938,0,validation
566,8.032756805419922,0,train
566,23.112977981567383,0,validation
567,7.75203800201416,0,train
567,22.603368759155273,0,validation
568,7.511129856109619,0,train
568,22.393169403076172,0,validation
569,8.370943069458008,0,train
569,23.183086395263672,0,validation
570,8.442618370056152,0,train
570,23.17249298095703,0,validation
571,7.607471466064453,0,train
571,22.460100173950195,0,validation
572,8.68906307220459,0,train
572,22.94282341003418,0,validation
573,8.227737426757812,0,train
573,23.274269104003906,0,validation
574,7.856528282165527,0,train
574,22.916149139404297,0,validation
575,7.44919490814209,0,train
575,22.75153350830078,0,validation
576,8.40289306640625,0,train
576,22.59712791442871,0,validation
577,7.673262596130371,0,train
577,22.58496856689453,0,validation
578,7.863643646240234,0,train
578,22.83707618713379,0,validation
579,7.688232421875,0,train
579,22.602346420288086,0,validation
580,7.719935417175293,0,train
580,23.33456802368164,0,validation
581,7.076693534851074,0,train
581,23.038803100585938,0,validation
582,8.426614761352539,0,train
582,23.267765045166016,0,validation
583,7.403169631958008,0,train
583,22.82469367980957,0,validation
584,7.205173492431641,0,train
584,22.45942497253418,0,validation
585,7.863619327545166,0,train
585,22.820669174194336,0,validation
586,7.208472728729248,0,train
586,22.500120162963867,0,validation
587,8.590192794799805,0,train
587,23.16034507751465,0,validation
588,7.491086006164551,0,train
588,22.688018798828125,0,validation
589,7.167259693145752,0,train
589,22.68695831298828,0,validation
590,7.661341190338135,0,train
590,23.020151138305664,0,validation
591,7.388069152832031,0,train
591,22.711790084838867,0,validation
592,8.616558074951172,0,train
592,23.203500747680664,0,validation
593,8.309804916381836,0,train
593,23.14690589904785,0,validation
594,7.637645721435547,0,train
594,22.77341651916504,0,validation
595,8.044109344482422,0,train
595,22.75927734375,0,validation
596,7.5291876792907715,0,train
596,22.92771339416504,0,validation
597,8.187541961669922,0,train
597,23.11214256286621,0,validation
598,7.598055362701416,0,train
598,22.694868087768555,0,validation
599,7.781552314758301,0,train
599,23.073196411132812,0,validation
600,7.448901176452637,0,train
600,23.175783157348633,0,validation
601,8.389460563659668,0,train
601,22.821304321289062,0,validation
602,7.732525825500488,0,train
602,23.29790687561035,0,validation
603,7.524576663970947,0,train
603,22.587003707885742,0,validation
604,8.32084846496582,0,train
604,23.55964469909668,0,validation
605,7.57584285736084,0,train
605,23.33498764038086,0,validation
606,7.159473896026611,0,train
606,22.673856735229492,0,validation
607,7.271186351776123,0,train
607,22.662609100341797,0,validation
608,7.075378894805908,0,train
608,22.834121704101562,0,validation
609,7.936411380767822,0,train
609,22.957674026489258,0,validation
610,7.525684356689453,0,train
610,22.995243072509766,0,validation
611,7.515438079833984,0,train
611,22.90050506591797,0,validation
612,7.131822109222412,0,train
612,22.76662254333496,0,validation
613,7.373398780822754,0,train
613,22.88025665283203,0,validation
614,7.161045551300049,0,train
614,22.49111557006836,0,validation
615,7.10560417175293,0,train
615,22.28544807434082,0,validation
616,7.632287979125977,0,train
616,22.250751495361328,0,validation
617,7.4925384521484375,0,train
617,22.547080993652344,0,validation
618,7.896614074707031,0,train
618,22.999568939208984,0,validation
619,7.5763115882873535,0,train
619,22.910930633544922,0,validation
620,7.689250469207764,0,train
620,22.779115676879883,0,validation
621,9.106905937194824,0,train
621,23.127607345581055,0,validation
622,9.096384048461914,0,train
622,23.38229751586914,0,validation
623,7.817633152008057,0,train
623,22.87493133544922,0,validation
624,6.732646465301514,0,train
624,22.298770904541016,0,validation
625,7.06891393661499,0,train
625,22.81681251525879,0,validation
626,7.571977138519287,0,train
626,22.44088363647461,0,validation
627,7.393814563751221,0,train
627,22.795387268066406,0,validation
628,7.878339767456055,0,train
628,22.848323822021484,0,validation
629,7.039705276489258,0,train
629,22.494199752807617,0,validation
630,6.78680944442749,0,train
630,22.57608985900879,0,validation
631,6.923818588256836,0,train
631,22.843090057373047,0,validation
632,8.038700103759766,0,train
632,22.696611404418945,0,validation
633,7.386019706726074,0,train
633,22.811887741088867,0,validation
634,6.848789691925049,0,train
634,22.656747817993164,0,validation
635,7.016272068023682,0,train
635,22.43166732788086,0,validation
636,7.962507724761963,0,train
636,22.290571212768555,0,validation
637,9.720148086547852,0,train
637,23.884077072143555,0,validation
638,7.826239585876465,0,train
638,22.92571258544922,0,validation
639,8.64174747467041,0,train
639,23.24030303955078,0,validation
640,8.484275817871094,0,train
640,23.513681411743164,0,validation
641,6.88608980178833,0,train
641,22.497028350830078,0,validation
642,7.728387832641602,0,train
642,23.114051818847656,0,validation
643,9.058239936828613,0,train
643,23.246639251708984,0,validation
644,6.687619686126709,0,train
644,22.255477905273438,0,validation
645,7.692633152008057,0,train
645,22.880632400512695,0,validation
646,7.610583782196045,0,train
646,22.672964096069336,0,validation
647,6.997983932495117,0,train
647,22.655351638793945,0,validation
648,6.896738529205322,0,train
648,22.812271118164062,0,validation
649,7.241630554199219,0,train
649,23.069107055664062,0,validation
650,7.801445007324219,0,train
650,22.437164306640625,0,validation
651,7.546424388885498,0,train
651,22.935606002807617,0,validation
652,7.988697528839111,0,train
652,22.976879119873047,0,validation
653,8.225708961486816,0,train
653,22.388559341430664,0,validation
654,8.299957275390625,0,train
654,22.975322723388672,0,validation
655,7.013791561126709,0,train
655,22.45384979248047,0,validation
656,7.523838520050049,0,train
656,22.51756477355957,0,validation
657,7.371301651000977,0,train
657,22.663496017456055,0,validation
658,7.7807745933532715,0,train
658,22.75452423095703,0,validation
659,7.612879276275635,0,train
659,23.008901596069336,0,validation
660,8.865130424499512,0,train
660,23.439905166625977,0,validation
661,8.07227897644043,0,train
661,23.162494659423828,0,validation
662,7.8298420906066895,0,train
662,23.34318733215332,0,validation
663,7.64333963394165,0,train
663,22.8847713470459,0,validation
664,7.162606716156006,0,train
664,22.909427642822266,0,validation
665,7.042806625366211,0,train
665,22.589481353759766,0,validation
666,7.355029106140137,0,train
666,22.928525924682617,0,validation
667,8.51582145690918,0,train
667,22.93147850036621,0,validation
668,7.6001787185668945,0,train
668,22.73145866394043,0,validation
669,8.407180786132812,0,train
669,23.120819091796875,0,validation
670,8.530987739562988,0,train
670,23.193359375,0,validation
671,7.137844085693359,0,train
671,23.022165298461914,0,validation
672,6.855963706970215,0,train
672,22.073198318481445,0,validation
673,7.149944305419922,0,train
673,22.531173706054688,0,validation
674,6.902663230895996,0,train
674,22.586061477661133,0,validation
675,7.285408020019531,0,train
675,22.97002601623535,0,validation
676,7.606914520263672,0,train
676,22.740854263305664,0,validation
677,8.099804878234863,0,train
677,23.09076690673828,0,validation
678,7.038057804107666,0,train
678,22.71828842163086,0,validation
679,7.805863857269287,0,train
679,22.463132858276367,0,validation
680,8.196921348571777,0,train
680,22.700613021850586,0,validation
681,7.509145736694336,0,train
681,23.00827980041504,0,validation
682,7.598608493804932,0,train
682,22.36980628967285,0,validation
683,8.770174026489258,0,train
683,23.374303817749023,0,validation
684,7.626286029815674,0,train
684,22.675567626953125,0,validation
685,7.894167423248291,0,train
685,22.780803680419922,0,validation
686,6.853795528411865,0,train
686,22.39958381652832,0,validation
687,7.218704700469971,0,train
687,22.655170440673828,0,validation
688,7.363790512084961,0,train
688,22.415136337280273,0,validation
689,6.947986125946045,0,train
689,22.455156326293945,0,validation
690,7.868841171264648,0,train
690,22.844554901123047,0,validation
691,6.947046756744385,0,train
691,22.57755470275879,0,validation
692,8.033315658569336,0,train
692,23.1455078125,0,validation
693,6.8006205558776855,0,train
693,22.566743850708008,0,validation
694,7.091917991638184,0,train
694,23.0295467376709,0,validation
695,7.0305914878845215,0,train
695,22.653539657592773,0,validation
696,7.659028053283691,0,train
696,22.40496063232422,0,validation
697,8.454852104187012,0,train
697,22.557811737060547,0,validation
698,6.648942470550537,0,train
698,22.36432647705078,0,validation
699,6.885555267333984,0,train
699,22.814777374267578,0,validation
700,7.043565273284912,0,train
700,22.853378295898438,0,validation
701,7.660752773284912,0,train
701,22.15134048461914,0,validation
702,7.011539936065674,0,train
702,22.60919952392578,0,validation
703,7.312609672546387,0,train
703,22.604774475097656,0,validation
704,9.073864936828613,0,train
704,23.222627639770508,0,validation
705,6.985879898071289,0,train
705,22.31035041809082,0,validation
706,7.671280860900879,0,train
706,22.94886589050293,0,validation
707,7.142791271209717,0,train
707,22.57830047607422,0,validation
708,7.233704566955566,0,train
708,22.865833282470703,0,validation
709,7.084709167480469,0,train
709,22.669010162353516,0,validation
710,7.256528377532959,0,train
710,22.38287353515625,0,validation
711,6.950523853302002,0,train
711,22.593395233154297,0,validation
712,7.420515060424805,0,train
712,22.577383041381836,0,validation
713,7.035168647766113,0,train
713,22.382526397705078,0,validation
714,6.696864604949951,0,train
714,22.388919830322266,0,validation
715,7.9849467277526855,0,train
715,22.94045066833496,0,validation
716,6.929959297180176,0,train
716,22.395137786865234,0,validation
717,7.593570709228516,0,train
717,22.747238159179688,0,validation
718,7.059969425201416,0,train
718,22.567426681518555,0,validation
719,6.741644859313965,0,train
719,22.00400733947754,0,validation
720,7.565380096435547,0,train
720,22.626558303833008,0,validation
721,6.7698516845703125,0,train
721,22.2633056640625,0,validation
722,6.891505718231201,0,train
722,22.383726119995117,0,validation
723,8.18684196472168,0,train
723,22.918033599853516,0,validation
724,7.991866588592529,0,train
724,22.80292510986328,0,validation
725,7.601085186004639,0,train
725,22.196746826171875,0,validation
726,7.511105537414551,0,train
726,22.131959915161133,0,validation
727,8.131582260131836,0,train
727,22.68916130065918,0,validation
728,6.7583489418029785,0,train
728,21.996381759643555,0,validation
729,6.73650598526001,0,train
729,22.029441833496094,0,validation
730,7.48501443862915,0,train
730,22.659786224365234,0,validation
731,7.659684181213379,0,train
731,22.535198211669922,0,validation
732,7.395410537719727,0,train
732,22.5927791595459,0,validation
733,7.534904479980469,0,train
733,22.628904342651367,0,validation
734,6.587286949157715,0,train
734,22.269344329833984,0,validation
735,8.227153778076172,0,train
735,23.041545867919922,0,validation
736,6.525082588195801,0,train
736,21.99432373046875,0,validation
737,7.041207313537598,0,train
737,22.39891815185547,0,validation
738,6.762989521026611,0,train
738,22.36981773376465,0,validation
739,6.914891719818115,0,train
739,22.3953800201416,0,validation
740,7.625922203063965,0,train
740,23.096609115600586,0,validation
741,6.702968120574951,0,train
741,22.07355499267578,0,validation
742,7.4351487159729,0,train
742,22.62218475341797,0,validation
743,6.724898815155029,0,train
743,22.458040237426758,0,validation
744,7.389362335205078,0,train
744,22.528060913085938,0,validation
745,7.893513202667236,0,train
745,23.083158493041992,0,validation
746,6.500032424926758,0,train
746,21.981433868408203,0,validation
747,7.113648891448975,0,train
747,22.06998634338379,0,validation
748,7.194943428039551,0,train
748,22.565040588378906,0,validation
749,7.207682132720947,0,train
749,22.48447608947754,0,validation
750,7.413137912750244,0,train
750,22.7503719329834,0,validation
751,7.658549785614014,0,train
751,22.513059616088867,0,validation
752,7.512619495391846,0,train
752,22.366729736328125,0,validation
753,6.567729473114014,0,train
753,22.10955047607422,0,validation
754,6.560593128204346,0,train
754,22.20281982421875,0,validation
755,7.005987644195557,0,train
755,22.54913902282715,0,validation
756,6.627071380615234,0,train
756,22.538406372070312,0,validation
757,7.299428939819336,0,train
757,22.437246322631836,0,validation
758,8.163398742675781,0,train
758,22.483903884887695,0,validation
759,7.013517379760742,0,train
759,22.568660736083984,0,validation
760,8.013289451599121,0,train
760,22.303573608398438,0,validation
761,7.090676307678223,0,train
761,22.522302627563477,0,validation
762,7.516035556793213,0,train
762,22.63311004638672,0,validation
763,8.846774101257324,0,train
763,22.55687141418457,0,validation
764,7.331938743591309,0,train
764,22.313344955444336,0,validation
765,6.813096523284912,0,train
765,22.055639266967773,0,validation
766,6.705381870269775,0,train
766,22.247602462768555,0,validation
767,6.95518159866333,0,train
767,22.49350357055664,0,validation
768,7.254071235656738,0,train
768,22.396738052368164,0,validation
769,7.016651630401611,0,train
769,22.170766830444336,0,validation
770,7.370353698730469,0,train
770,22.35641860961914,0,validation
771,7.117103099822998,0,train
771,22.452905654907227,0,validation
772,7.221046447753906,0,train
772,22.51294708251953,0,validation
773,6.412641525268555,0,train
773,22.337175369262695,0,validation
774,7.388301849365234,0,train
774,22.591014862060547,0,validation
775,6.242771625518799,0,train
775,22.307287216186523,0,validation
776,6.885159015655518,0,train
776,22.557573318481445,0,validation
777,6.860787868499756,0,train
777,22.070783615112305,0,validation
778,7.426723003387451,0,train
778,22.336023330688477,0,validation
779,7.052531719207764,0,train
779,22.664384841918945,0,validation
780,7.62111759185791,0,train
780,22.639995574951172,0,validation
781,7.545005798339844,0,train
781,22.67950439453125,0,validation
782,6.864335536956787,0,train
782,22.45782470703125,0,validation
783,6.890443801879883,0,train
783,22.08660125732422,0,validation
784,6.908384323120117,0,train
784,22.252864837646484,0,validation
785,6.911074638366699,0,train
785,22.24202537536621,0,validation
786,7.371352195739746,0,train
786,22.648235321044922,0,validation
787,7.61741828918457,0,train
787,22.63592529296875,0,validation
788,8.704769134521484,0,train
788,23.064311981201172,0,validation
789,7.6153974533081055,0,train
789,22.618728637695312,0,validation
790,6.95857048034668,0,train
790,22.68619728088379,0,validation
791,7.969482421875,0,train
791,22.526100158691406,0,validation
792,6.393449306488037,0,train
792,22.16265869140625,0,validation
793,6.778743267059326,0,train
793,22.60258674621582,0,validation
794,6.978703498840332,0,train
794,22.43834114074707,0,validation
795,6.352421283721924,0,train
795,22.147384643554688,0,validation
796,7.078527450561523,0,train
796,22.49344825744629,0,validation
797,8.219498634338379,0,train
797,23.094614028930664,0,validation
798,7.685842037200928,0,train
798,22.811386108398438,0,validation
799,7.394189357757568,0,train
799,22.614133834838867,0,validation
800,6.537339687347412,0,train
800,22.424219131469727,0,validation
801,7.36098575592041,0,train
801,22.372512817382812,0,validation
802,7.6743974685668945,0,train
802,22.63434410095215,0,validation
803,6.790493488311768,0,train
803,22.337936401367188,0,validation
804,6.940121650695801,0,train
804,21.921072006225586,0,validation
805,6.391939163208008,0,train
805,22.302059173583984,0,validation
806,6.898411750793457,0,train
806,22.267879486083984,0,validation
807,6.542938232421875,0,train
807,22.378633499145508,0,validation
808,6.14512825012207,0,train
808,21.852628707885742,0,validation
809,7.066098690032959,0,train
809,22.528608322143555,0,validation
810,7.633254528045654,0,train
810,22.25872802734375,0,validation
811,7.89152717590332,0,train
811,22.368553161621094,0,validation
812,7.762519836425781,0,train
812,22.286178588867188,0,validation
813,6.921379566192627,0,train
813,22.305707931518555,0,validation
814,7.240271091461182,0,train
814,22.223068237304688,0,validation
815,7.423330307006836,0,train
815,22.685302734375,0,validation
816,6.242777347564697,0,train
816,22.006202697753906,0,validation
817,6.932502269744873,0,train
817,22.112314224243164,0,validation
818,7.460824966430664,0,train
818,22.271291732788086,0,validation
819,6.913090229034424,0,train
819,22.37277603149414,0,validation
820,7.104011535644531,0,train
820,22.06717872619629,0,validation
821,7.259335517883301,0,train
821,22.37554168701172,0,validation
822,6.771291255950928,0,train
822,22.259531021118164,0,validation
823,6.6809844970703125,0,train
823,22.574174880981445,0,validation
824,6.756588459014893,0,train
824,22.391672134399414,0,validation
825,8.022162437438965,0,train
825,22.527448654174805,0,validation
826,6.426671028137207,0,train
826,22.023130416870117,0,validation
827,6.628995418548584,0,train
827,22.08127784729004,0,validation
828,6.86404275894165,0,train
828,22.454830169677734,0,validation
829,7.058610439300537,0,train
829,22.194766998291016,0,validation
830,6.330042362213135,0,train
830,22.43958854675293,0,validation
831,6.865347862243652,0,train
831,22.31927490234375,0,validation
832,7.268453121185303,0,train
832,22.197784423828125,0,validation
833,6.802549362182617,0,train
833,22.233898162841797,0,validation
834,7.859217166900635,0,train
834,22.124666213989258,0,validation
835,6.559266567230225,0,train
835,21.77199935913086,0,validation
836,6.930114269256592,0,train
836,22.44986915588379,0,validation
837,7.132900714874268,0,train
837,22.4700927734375,0,validation
838,6.252519607543945,0,train
838,22.100717544555664,0,validation
839,7.187371253967285,0,train
839,22.533554077148438,0,validation
840,6.49628210067749,0,train
840,22.133604049682617,0,validation
841,6.488700866699219,0,train
841,22.380308151245117,0,validation
842,7.151224136352539,0,train
842,22.339393615722656,0,validation
843,6.5947794914245605,0,train
843,22.19408416748047,0,validation
844,7.163899898529053,0,train
844,21.927997589111328,0,validation
845,6.596275806427002,0,train
845,22.271530151367188,0,validation
846,7.051568508148193,0,train
846,22.633739471435547,0,validation
847,7.484986305236816,0,train
847,22.292407989501953,0,validation
848,7.112353801727295,0,train
848,22.468406677246094,0,validation
849,6.830878734588623,0,train
849,22.193986892700195,0,validation
850,6.188161849975586,0,train
850,22.17547607421875,0,validation
851,6.215941905975342,0,train
851,22.05185317993164,0,validation
852,6.747329235076904,0,train
852,22.006072998046875,0,validation
853,7.1211957931518555,0,train
853,22.192167282104492,0,validation
854,7.205545902252197,0,train
854,22.08470344543457,0,validation
855,7.064137935638428,0,train
855,22.343643188476562,0,validation
856,6.9880757331848145,0,train
856,22.607601165771484,0,validation
857,6.63134765625,0,train
857,22.12580108642578,0,validation
858,7.351555824279785,0,train
858,22.703872680664062,0,validation
859,6.584580421447754,0,train
859,22.166139602661133,0,validation
860,7.593900203704834,0,train
860,22.64274787902832,0,validation
861,7.160254955291748,0,train
861,21.981550216674805,0,validation
862,6.4942946434021,0,train
862,21.979496002197266,0,validation
863,7.179435729980469,0,train
863,22.46193504333496,0,validation
864,7.026389122009277,0,train
864,22.31833267211914,0,validation
865,7.775783061981201,0,train
865,22.41415786743164,0,validation
866,6.6534423828125,0,train
866,22.33681869506836,0,validation
867,7.323492527008057,0,train
867,22.520978927612305,0,validation
868,6.615370273590088,0,train
868,22.39121437072754,0,validation
869,6.430224895477295,0,train
869,21.98550033569336,0,validation
870,6.5831828117370605,0,train
870,21.977272033691406,0,validation
871,7.195285320281982,0,train
871,22.511672973632812,0,validation
872,6.567427635192871,0,train
872,22.214622497558594,0,validation
873,6.474944114685059,0,train
873,22.154359817504883,0,validation
874,6.565501689910889,0,train
874,22.30481719970703,0,validation
875,6.818199634552002,0,train
875,22.225971221923828,0,validation
876,6.792845726013184,0,train
876,22.647336959838867,0,validation
877,6.049310684204102,0,train
877,21.936357498168945,0,validation
878,6.751312732696533,0,train
878,22.63479232788086,0,validation
879,6.598452091217041,0,train
879,22.43844223022461,0,validation
880,6.085834503173828,0,train
880,22.307353973388672,0,validation
881,6.553365230560303,0,train
881,22.279550552368164,0,validation
882,6.482895374298096,0,train
882,22.01493263244629,0,validation
883,6.416479587554932,0,train
883,22.222944259643555,0,validation
884,6.4568939208984375,0,train
884,22.056123733520508,0,validation
885,6.9717912673950195,0,train
885,22.477502822875977,0,validation
886,6.6308274269104,0,train
886,22.42533302307129,0,validation
887,6.849612712860107,0,train
887,21.997169494628906,0,validation
888,7.076677322387695,0,train
888,22.463586807250977,0,validation
889,7.867105007171631,0,train
889,21.944520950317383,0,validation
890,6.6878275871276855,0,train
890,22.319589614868164,0,validation
891,6.7713704109191895,0,train
891,22.30536460876465,0,validation
892,7.142244815826416,0,train
892,22.368267059326172,0,validation
893,6.84541654586792,0,train
893,21.90023422241211,0,validation
894,7.614459991455078,0,train
894,22.045185089111328,0,validation
895,6.4922003746032715,0,train
895,21.663463592529297,0,validation
896,6.401352882385254,0,train
896,22.1851749420166,0,validation
897,6.9022040367126465,0,train
897,22.02505111694336,0,validation
898,6.485201358795166,0,train
898,22.16872787475586,0,validation
899,6.11751651763916,0,train
899,22.299028396606445,0,validation
900,6.327885150909424,0,train
900,22.22321319580078,0,validation
901,7.4730939865112305,0,train
901,22.530406951904297,0,validation
902,6.891600131988525,0,train
902,22.415969848632812,0,validation
903,6.776501655578613,0,train
903,21.966442108154297,0,validation
904,6.730279922485352,0,train
904,22.089967727661133,0,validation
905,6.878271579742432,0,train
905,22.202194213867188,0,validation
906,6.724364757537842,0,train
906,22.479169845581055,0,validation
907,6.42409610748291,0,train
907,22.05393409729004,0,validation
908,7.074784278869629,0,train
908,22.321821212768555,0,validation
909,6.103917121887207,0,train
909,22.28835105895996,0,validation
910,6.089161396026611,0,train
910,22.345333099365234,0,validation
911,6.132352352142334,0,train
911,22.221628189086914,0,validation
912,7.389025688171387,0,train
912,22.646907806396484,0,validation
913,6.012106895446777,0,train
913,22.100088119506836,0,validation
914,6.388274192810059,0,train
914,22.44211196899414,0,validation
915,5.853702545166016,0,train
915,21.977243423461914,0,validation
916,6.791168212890625,0,train
916,22.58063507080078,0,validation
917,6.340989589691162,0,train
917,22.38326644897461,0,validation
918,7.342483043670654,0,train
918,22.817155838012695,0,validation
919,8.458953857421875,0,train
919,22.49558448791504,0,validation
920,8.186931610107422,0,train
920,22.484832763671875,0,validation
921,6.691650867462158,0,train
921,22.546499252319336,0,validation
922,6.599795341491699,0,train
922,22.415695190429688,0,validation
923,7.172593593597412,0,train
923,22.852787017822266,0,validation
924,6.332108020782471,0,train
924,22.123559951782227,0,validation
925,6.020320892333984,0,train
925,21.875503540039062,0,validation
926,7.7232770919799805,0,train
926,22.89996910095215,0,validation
927,7.657607078552246,0,train
927,23.236400604248047,0,validation
928,6.043323516845703,0,train
928,22.165454864501953,0,validation
929,7.02466344833374,0,train
929,22.890411376953125,0,validation
930,7.773406505584717,0,train
930,22.741220474243164,0,validation
931,7.0413994789123535,0,train
931,22.186725616455078,0,validation
932,6.599552154541016,0,train
932,22.023237228393555,0,validation
933,6.477261543273926,0,train
933,21.894060134887695,0,validation
934,7.688174724578857,0,train
934,21.99125862121582,0,validation
935,6.417092323303223,0,train
935,21.60177230834961,0,validation
936,6.359528541564941,0,train
936,22.05891990661621,0,validation
937,8.00963020324707,0,train
937,23.058916091918945,0,validation
938,6.773706436157227,0,train
938,22.48313331604004,0,validation
939,6.1492533683776855,0,train
939,21.887781143188477,0,validation
940,6.449875354766846,0,train
940,22.539045333862305,0,validation
941,6.400730609893799,0,train
941,22.42776107788086,0,validation
942,6.784067153930664,0,train
942,22.27666664123535,0,validation
943,6.296308517456055,0,train
943,22.427846908569336,0,validation
944,6.381747722625732,0,train
944,21.83729362487793,0,validation
945,6.306212425231934,0,train
945,21.48626708984375,0,validation
946,6.309473037719727,0,train
946,22.131345748901367,0,validation
947,6.883068084716797,0,train
947,22.301551818847656,0,validation
948,6.110633373260498,0,train
948,21.833284378051758,0,validation
949,7.331235408782959,0,train
949,22.21289825439453,0,validation
950,6.3295578956604,0,train
950,21.825016021728516,0,validation
951,6.246301651000977,0,train
951,21.98153305053711,0,validation
952,7.697025299072266,0,train
952,22.669429779052734,0,validation
953,6.65691614151001,0,train
953,22.239700317382812,0,validation
954,6.089740753173828,0,train
954,21.981006622314453,0,validation
955,7.291831016540527,0,train
955,22.687978744506836,0,validation
956,6.1985087394714355,0,train
956,21.934846878051758,0,validation
957,6.279285907745361,0,train
957,21.930408477783203,0,validation
958,6.924699306488037,0,train
958,22.16438865661621,0,validation
959,7.001038074493408,0,train
959,22.202228546142578,0,validation
960,7.8016180992126465,0,train
960,22.39747428894043,0,validation
961,7.2709479331970215,0,train
961,22.69940185546875,0,validation
962,6.573592662811279,0,train
962,22.034502029418945,0,validation
963,6.15478515625,0,train
963,22.243104934692383,0,validation
964,6.711389064788818,0,train
964,22.733247756958008,0,validation
965,6.024348735809326,0,train
965,22.18096351623535,0,validation
966,6.864940643310547,0,train
966,22.216054916381836,0,validation
967,5.739548206329346,0,train
967,22.022172927856445,0,validation
968,6.532919883728027,0,train
968,22.32976722717285,0,validation
969,5.785040378570557,0,train
969,21.699472427368164,0,validation
970,7.315104961395264,0,train
970,22.03493881225586,0,validation
971,6.290840148925781,0,train
971,22.460580825805664,0,validation
972,6.421342372894287,0,train
972,22.223011016845703,0,validation
973,6.965370178222656,0,train
973,22.13126564025879,0,validation
974,6.283674240112305,0,train
974,22.216651916503906,0,validation
975,6.096735000610352,0,train
975,22.448257446289062,0,validation
976,6.952169418334961,0,train
976,22.450176239013672,0,validation
977,6.675131320953369,0,train
977,22.11859130859375,0,validation
978,6.034843444824219,0,train
978,21.571956634521484,0,validation
979,6.296375274658203,0,train
979,22.125497817993164,0,validation
980,6.1095871925354,0,train
980,22.031707763671875,0,validation
981,6.872721195220947,0,train
981,22.28582191467285,0,validation
982,5.700598239898682,0,train
982,21.79433822631836,0,validation
983,7.840392112731934,0,train
983,22.246299743652344,0,validation
984,7.211498737335205,0,train
984,22.209712982177734,0,validation
985,6.587191581726074,0,train
985,22.31805419921875,0,validation
986,5.7833251953125,0,train
986,21.7028865814209,0,validation
987,6.5706071853637695,0,train
987,22.4168643951416,0,validation
988,6.549655437469482,0,train
988,22.22702407836914,0,validation
989,6.483950138092041,0,train
989,22.493484497070312,0,validation
990,6.827608585357666,0,train
990,22.39067268371582,0,validation
991,6.5558671951293945,0,train
991,22.17075538635254,0,validation
992,5.911941051483154,0,train
992,22.202693939208984,0,validation
993,6.382565021514893,0,train
993,22.04347801208496,0,validation
994,8.036019325256348,0,train
994,22.753328323364258,0,validation
995,6.162353992462158,0,train
995,22.131420135498047,0,validation
996,6.638638019561768,0,train
996,22.243268966674805,0,validation
997,5.798431396484375,0,train
997,22.18663215637207,0,validation
998,5.954494953155518,0,train
998,22.054134368896484,0,validation
999,6.410251617431641,0,train
999,22.216297149658203,0,validation
1000,6.6847052574157715,0,train
1000,22.644500732421875,0,validation
