y,p,data,set
124.6196,126.679184,0,train
227.74968,233.36649,0,train
539.3236,543.5462,0,train
41.8337,40.64929,0,train
0.0,0.10919589,0,train
112.94492,111.637,0,train
219.16245,222.00795,0,train
50.057243,50.898968,0,train
325.2239,324.94662,0,train
214.82011,216.39035,0,train
144.27733,152.02602,0,train
149.5247,139.05795,0,train
36.488796,31.809275,0,train
112.04582,113.55608,0,train
167.18805,167.97897,0,train
54.348076,56.765682,0,train
288.99765,296.093,0,train
68.95995,63.448322,0,train
423.07886,429.1123,0,train
185.52179,182.10104,0,train
245.00449,242.0045,0,train
92.954216,97.654015,0,train
85.351006,86.03758,0,train
147.75899,149.05133,0,train
47.367374,48.23541,0,train
19.471989,22.84712,0,train
0.0,0.08915347,0,train
669.6729,673.982,0,train
268.27542,268.18588,0,train
114.96394,114.104034,0,train
77.77856,78.437935,0,train
210.94713,212.30383,0,train
124.574394,123.45567,0,train
238.4436,228.6984,0,train
90.53529,88.89611,0,train
96.89602,92.960396,0,train
165.212,158.93158,0,train
178.04596,179.59747,0,train
489.24084,503.15253,0,train
525.6556,530.00397,0,train
296.81555,299.70227,0,train
36.041996,35.026394,0,train
537.6586,542.71857,0,train
154.30191,154.9793,0,train
68.12628,74.50729,0,train
214.43167,217.0521,0,train
370.40152,371.59192,0,train
478.18802,476.0352,0,train
266.24387,259.6538,0,train
3.112556,2.4250493,0,train
242.80215,252.12703,0,train
331.67392,332.47058,0,train
69.92529,61.783363,0,train
70.21337,68.52182,0,train
298.13947,301.789,0,train
576.61896,581.90173,0,train
176.17612,177.26498,0,train
362.3219,371.45306,0,train
30.182741,29.22499,0,train
254.3641,250.86896,0,train
41.23217,29.03303,0,train
138.33852,142.1682,0,train
178.98857,187.59808,0,train
141.2249,145.21075,0,train
362.3845,361.20258,0,train
332.327,324.98273,0,train
67.883514,67.15157,0,train
338.7417,341.69513,0,train
444.084,452.71582,0,train
259.98334,262.61462,0,train
0.0,0.038209856,0,train
208.24866,209.80652,0,train
670.73346,671.98456,0,train
61.450226,64.71986,0,train
60.427902,60.744274,0,train
592.51843,603.3214,0,train
133.94151,141.5894,0,train
221.42914,241.02298,0,train
160.90245,154.2391,0,train
95.360825,98.97513,0,train
196.929,202.71481,0,train
496.22006,501.27954,0,train
358.94812,364.94226,0,train
230.73953,225.59401,0,train
55.189697,58.18205,0,train
44.394737,45.602932,0,train
213.42383,217.40651,0,train
69.19919,71.119095,0,train
1072.4261,1086.1273,0,train
49.782852,52.83283,0,train
289.41406,274.5139,0,train
180.1288,181.10114,0,train
13.688733,13.706183,0,train
131.62306,127.27774,0,train
259.3706,254.32333,0,train
706.5193,706.9046,0,train
156.31766,150.02023,0,train
170.23587,171.75224,0,train
342.17285,347.25043,0,train
150.8149,151.204,0,train
95.554214,91.31658,0,train
539.63184,537.8119,0,train
286.72278,291.22443,0,train
79.59913,71.04051,0,train
262.23947,263.58917,0,train
376.43604,381.05457,0,train
318.29724,319.0315,0,train
81.48842,75.8327,0,train
37.874264,41.42387,0,train
0.0,0.09588212,0,train
43.578712,41.31158,0,train
312.284,313.3198,0,train
35.81307,38.225445,0,train
455.34256,459.65384,0,train
298.89072,307.07864,0,train
418.62186,413.40887,0,train
146.77382,149.40552,0,train
278.32648,279.35828,0,train
300.62415,301.05777,0,train
49.57614,42.180035,0,train
64.01994,64.06813,0,train
201.93036,204.30725,0,train
49.61982,48.307743,0,train
54.196625,55.50865,0,train
0.0,0.4082088,0,train
88.18409,90.80122,0,train
146.00299,149.36209,0,train
118.23709,119.02735,0,train
307.33948,308.8291,0,train
99.89401,102.933,0,train
284.50275,273.5422,0,train
225.29137,231.87262,0,train
0.0,-0.07425839,0,train
199.97185,197.71254,0,train
538.0653,540.27606,0,train
0.0,0.026180923,0,train
156.02692,155.34329,0,train
47.779285,53.158154,0,train
571.6957,572.55414,0,train
528.83264,532.8769,0,train
273.89246,286.51178,0,train
0.0,0.20240992,0,train
790.22375,797.7579,0,train
42.364727,43.840137,0,train
71.856346,69.62838,0,train
75.84477,75.99776,0,train
199.16154,195.44452,0,train
184.81279,187.50104,0,train
0.0,0.04420823,0,train
174.67262,179.2637,0,train
307.4348,305.11877,0,train
135.80734,137.77289,0,train
90.78908,97.174774,0,train
190.14365,194.2738,0,train
264.8571,257.2013,0,train
24.897919,24.768866,0,train
143.2362,140.98909,0,train
133.49364,128.49042,0,train
481.61603,485.50052,0,train
6.3158464,6.5290165,0,train
93.47036,92.10466,0,train
289.72644,300.15573,0,train
166.61661,156.05038,0,train
18.380892,18.875895,0,train
319.3537,328.42484,0,train
415.0217,418.40973,0,train
209.58995,213.97691,0,train
192.8461,197.2753,0,train
1130.058,1142.7545,0,train
417.4628,420.79785,0,train
516.1386,522.7022,0,train
3.7667177,2.6550953,0,train
124.71515,121.70203,0,train
7.261541,6.687991,0,train
131.70978,137.337,0,train
360.98456,367.23865,0,train
335.31668,337.53973,0,train
79.40078,78.69093,0,train
379.31375,384.56824,0,train
98.45172,100.61357,0,train
150.02933,152.01227,0,train
447.62372,448.2439,0,train
211.39937,212.14624,0,train
29.137686,41.574673,0,train
44.707546,34.74686,0,train
351.31357,354.44666,0,train
54.791264,49.976376,0,train
78.987785,76.54593,0,train
86.73263,90.94417,0,train
269.02396,271.44504,0,train
231.67612,240.56358,0,train
43.942005,39.352345,0,train
125.96949,163.82294,0,train
253.09023,246.95418,0,train
127.39044,130.97047,0,train
0.0,0.039630353,0,train
100.29333,88.89632,0,train
167.00832,159.4527,0,train
40.45923,33.933865,0,train
1378.6707,1378.5088,0,train
247.32451,248.51361,0,train
552.2845,553.32166,0,train
238.26054,241.09277,0,train
118.43526,117.43585,0,train
948.42755,965.30176,0,train
185.13168,185.667,0,train
26.520609,27.443464,0,train
43.19444,40.024437,0,train
383.455,389.36218,0,train
128.07413,129.23987,0,train
486.64987,498.31433,0,train
571.13385,576.8427,0,train
275.23886,283.07697,0,train
380.36862,390.9375,0,train
358.07034,362.77222,0,train
128.29669,129.63553,0,train
90.2383,88.74801,0,train
421.11102,422.81894,0,train
48.179016,48.114605,0,train
284.50754,283.2182,0,train
292.48886,220.24591,0,train
34.729233,33.68496,0,train
159.83122,165.80005,0,train
0.0,0.04617971,0,train
141.70995,141.80447,0,train
50.726963,49.781754,0,train
253.1264,255.0461,0,train
117.615456,99.17648,0,train
601.7576,606.3503,0,train
0.0,0.004356563,0,train
221.36147,227.99495,0,train
44.722183,39.31931,0,train
363.20105,374.11945,0,train
54.25388,62.597027,0,train
330.65353,338.38116,0,train
176.14531,166.43509,0,train
357.13702,361.37006,0,train
127.69111,126.63667,0,train
275.18158,271.68793,0,train
550.52856,553.3394,0,train
171.62456,174.59177,0,train
178.02753,180.60782,0,train
350.92358,356.84067,0,train
223.52562,222.32095,0,train
81.58083,80.243256,0,train
124.75015,102.55136,0,train
132.81705,125.56756,0,train
492.77145,507.41156,0,train
256.82013,261.73608,0,train
97.900185,96.54129,0,train
29.989103,34.612553,0,train
192.38605,190.32419,0,train
0.0,0.5747854,0,train
389.4761,395.94287,0,train
213.40714,218.92566,0,train
191.6077,190.57788,0,train
63.627747,59.267082,0,train
0.0,-0.0816682,0,train
146.00877,148.22357,0,train
142.67021,73.916115,0,train
72.26765,71.20038,0,train
131.15282,133.85378,0,train
552.499,560.99585,0,train
239.53319,247.53462,0,train
89.93783,90.59047,0,train
328.52246,326.31076,0,train
4.4673777,4.1420774,0,train
496.45813,504.05255,0,train
59.101738,59.52503,0,train
0.0,0.04060954,0,train
366.94727,368.26367,0,train
0.0,0.49623173,0,train
180.28929,173.51978,0,train
46.335773,49.988323,0,train
309.6554,296.72272,0,train
79.422935,83.952644,0,train
285.85742,290.4663,0,train
61.55873,60.684822,0,train
207.62723,212.33527,0,train
178.18753,179.50139,0,train
266.38898,267.04688,0,train
85.40175,90.92651,0,train
447.90598,456.55963,0,train
316.99353,308.49298,0,train
59.848362,59.57194,0,train
522.20776,525.6735,0,train
105.21351,108.033936,0,train
498.58984,506.11908,0,train
195.28107,187.26306,0,train
411.99588,409.4699,0,train
143.04865,138.37482,0,train
276.38132,263.69424,0,train
87.932686,91.69313,0,train
370.34952,375.7354,0,train
142.94322,141.23373,0,train
372.79028,367.67065,0,train
421.71515,423.77982,0,train
523.72687,525.189,0,train
74.90372,65.50101,0,train
193.02283,194.31015,0,train
0.0,0.08572453,0,train
153.75443,152.26646,0,train
162.55692,161.63495,0,train
119.54753,126.03697,0,train
263.38074,253.35977,0,train
909.7833,918.2598,0,train
251.97687,246.88943,0,train
662.7022,667.3177,0,train
451.8228,456.2881,0,train
209.24132,207.27623,0,train
29.69882,33.698017,0,train
141.91019,161.86792,0,train
0.0,0.08286637,0,train
389.5425,390.20386,0,train
515.93536,513.0694,0,train
840.81903,844.90204,0,train
494.98026,503.8933,0,train
212.45671,209.95895,0,train
417.24704,427.2279,0,train
190.33357,179.72693,0,train
619.0291,626.7259,0,train
193.48656,188.76526,0,train
264.3368,267.7739,0,train
398.25024,402.44257,0,train
296.2335,293.07806,0,train
134.81715,139.40999,0,train
62.728127,58.4629,0,train
183.52286,182.09982,0,train
101.06347,101.00992,0,train
125.75068,122.07447,0,train
378.1576,384.7755,0,train
32.619762,28.889736,0,train
546.369,536.94305,0,train
174.76764,179.70338,0,train
116.7004,121.47237,0,train
275.63156,275.40955,0,train
83.57703,76.90314,0,train
60.058895,36.94085,0,train
218.74934,222.9692,0,train
86.38198,86.93095,0,train
66.20561,67.59211,0,train
253.11227,260.83627,0,train
874.07007,247.96834,0,train
131.88228,135.22267,0,train
134.99869,137.37842,0,train
109.83337,109.22456,0,train
3.342895,1.4578216,0,train
301.10217,309.31165,0,train
406.53647,415.685,0,train
351.35516,358.38818,0,train
224.7508,223.09634,0,train
82.07123,75.10292,0,train
291.77036,292.81372,0,train
18.054903,17.790049,0,train
99.59962,91.27242,0,train
78.434204,78.02071,0,train
177.20258,175.72858,0,train
510.262,515.7315,0,train
108.81487,107.944756,0,train
288.22055,291.7898,0,train
83.69161,72.952484,0,train
269.3301,280.30383,0,train
816.2317,816.5264,0,train
78.417366,83.77342,0,train
465.1691,476.86673,0,train
262.47858,265.01508,0,train
116.10184,118.46708,0,train
170.17781,163.77577,0,train
568.57404,571.7697,0,train
138.84978,135.63742,0,train
273.96744,274.9293,0,train
48.10362,44.071957,0,train
274.1208,274.73505,0,train
69.74429,81.52042,0,train
418.89044,423.58145,0,train
160.43846,165.48732,0,train
53.972626,50.866062,0,train
579.26794,585.9485,0,train
329.96274,331.7422,0,train
41.287663,36.512943,0,train
322.7658,321.55286,0,train
425.80643,428.07343,0,train
328.5547,322.40106,0,train
0.0,0.013159454,0,train
403.09253,410.591,0,train
83.337654,81.55477,0,train
360.91727,369.6217,0,train
397.99698,403.04407,0,train
152.92711,155.98982,0,train
105.52472,109.208984,0,train
199.50047,202.07791,0,train
369.92822,376.7553,0,train
157.10834,160.44788,0,train
121.06768,120.4842,0,train
376.09906,378.9227,0,train
36.694565,33.303776,0,train
24.650585,11.450214,0,train
39.427513,34.165337,0,train
167.5298,171.92657,0,train
202.19206,204.97433,0,train
205.5128,206.00095,0,train
387.00864,391.63806,0,train
0.0,0.42473882,0,train
335.2391,334.55182,0,train
120.65322,119.21722,0,train
171.22562,187.60635,0,train
482.16943,491.2992,0,train
812.51605,623.20306,0,train
281.3089,282.80084,0,train
16.659231,21.54769,0,train
380.62436,380.35452,0,train
88.73709,82.32492,0,train
437.476,447.90552,0,train
206.22984,211.55142,0,train
301.94598,303.21704,0,train
415.0661,420.67438,0,train
101.37038,100.96945,0,train
344.8926,354.34085,0,train
150.26816,150.55756,0,train
109.6012,107.12656,0,train
111.5422,123.26059,0,train
0.0,1.7401822,0,train
93.76045,95.13487,0,train
83.64333,90.54742,0,train
84.763855,89.88344,0,train
396.68704,378.05542,0,train
495.24472,500.7213,0,train
241.47516,246.79913,0,train
277.8544,276.24384,0,train
63.35,63.754566,0,train
232.08466,238.03314,0,train
53.651,56.909267,0,train
641.80347,650.48285,0,train
21.010416,25.029585,0,train
249.93158,244.12837,0,train
472.8532,479.0086,0,train
118.700096,125.42002,0,train
90.12475,99.57277,0,train
122.91543,123.707596,0,train
692.20605,697.8083,0,train
34.421234,36.506947,0,train
331.63705,333.19562,0,train
575.5853,576.2628,0,train
449.52014,450.67206,0,train
21.04714,25.221819,0,train
73.08215,72.082855,0,train
649.5292,647.7172,0,train
0.0,0.060565174,0,train
119.20516,121.91238,0,train
354.7889,352.7246,0,train
497.68777,479.4092,0,train
66.74261,73.25977,0,train
119.28913,117.479454,0,train
122.30134,123.545166,0,train
191.96184,192.46953,0,train
55.779854,57.85979,0,train
796.2112,796.1658,0,train
158.72362,155.5385,0,train
294.11337,296.6715,0,train
217.104,220.15942,0,train
181.92126,181.66592,0,train
232.99222,241.61763,0,train
85.83708,87.34442,0,train
7.935484,5.0154133,0,train
37.75758,28.483902,0,train
87.80211,89.33832,0,train
0.0,-0.2389229,0,train
95.766205,98.692924,0,train
219.16232,219.9479,0,train
317.3951,324.05402,0,train
63.292946,62.427616,0,train
274.68857,273.50555,0,train
116.35153,115.15542,0,train
200.11586,197.75522,0,train
349.4996,361.43597,0,train
187.29636,188.6728,0,train
0.0,-0.41222554,0,train
80.72883,80.88009,0,train
234.58846,233.50037,0,train
230.11624,234.66507,0,train
207.1719,202.4863,0,train
522.48944,523.63043,0,train
266.30194,238.54327,0,train
339.4965,347.6032,0,train
168.69812,166.33331,0,train
121.607414,118.51027,0,train
178.14981,171.40512,0,train
236.22797,229.41426,0,train
186.7568,186.93735,0,train
0.0,0.0021671653,0,train
564.64465,581.4919,0,train
0.0,0.061781824,0,train
357.28394,358.5681,0,train
104.94914,103.928825,0,train
157.2665,165.94333,0,train
362.77097,364.52118,0,train
100.990105,109.308716,0,train
163.9032,155.35364,0,train
71.86213,68.74487,0,train
24.45625,26.344456,0,train
101.25216,95.5152,0,train
606.2452,608.2208,0,train
26.064316,17.781431,0,train
298.06088,298.01447,0,train
0.0,0.07689971,0,train
71.529625,72.80114,0,train
321.29172,365.87457,0,train
92.3978,92.72475,0,train
473.89206,475.8718,0,train
52.342888,44.519436,0,train
388.19968,400.28497,0,train
56.244003,58.264202,0,train
64.30389,66.42677,0,train
37.301136,74.519135,0,train
168.2492,167.39417,0,train
622.24927,624.9412,0,train
59.82172,61.237347,0,train
137.81612,137.04568,0,train
33.547882,32.637054,0,train
394.56845,402.1153,0,train
488.1421,496.57687,0,train
131.77347,120.667,0,train
526.3492,533.1998,0,train
497.12354,502.3537,0,train
195.78065,201.36194,0,train
121.583084,123.27727,0,train
73.79795,77.801445,0,train
0.49940762,0.9486607,0,train
409.10132,416.04602,0,train
122.44384,146.9566,0,train
131.52013,131.3628,0,train
260.41202,282.13757,0,train
74.761566,79.15567,0,train
227.54181,233.98537,0,train
171.02592,171.73917,0,train
7.432929,3.922705,0,train
153.37138,156.0009,0,train
482.1309,481.12207,0,train
39.421143,34.263687,0,train
264.564,261.20782,0,train
458.9849,462.568,0,train
80.05399,80.497314,0,train
127.20443,126.51983,0,train
296.51596,306.35513,0,train
222.95134,221.00061,0,train
184.22389,186.022,0,train
216.99927,216.94489,0,train
22.774092,23.134825,0,train
214.1457,202.73206,0,train
184.34428,183.29152,0,train
178.13522,119.47709,0,train
331.81738,334.72604,0,train
279.2829,285.19733,0,train
1264.8279,1271.1338,0,train
390.21115,394.19482,0,train
270.03122,274.15805,0,train
105.86405,99.87805,0,train
137.62604,143.02812,0,train
221.15736,221.29068,0,train
181.64456,185.20807,0,train
639.7209,637.22156,0,train
520.3177,524.22296,0,train
262.96002,274.3671,0,train
167.71797,169.12575,0,train
179.25108,178.68677,0,train
2.3865283,-0.9809087,0,train
38.869854,41.08019,0,train
150.24638,151.22763,0,train
341.28235,328.53644,0,train
185.56245,184.13518,0,train
108.73472,106.71913,0,train
240.49596,247.50496,0,train
202.51707,205.77968,0,train
445.3602,448.8041,0,train
58.73549,57.277554,0,train
0.0,0.10872573,0,train
88.990005,88.09013,0,train
126.75113,125.15964,0,train
548.34985,545.79846,0,train
4.4860787,4.575964,0,train
268.58023,258.48755,0,train
137.53163,135.74829,0,train
286.335,296.42535,0,train
74.296814,74.15437,0,train
158.15215,159.85175,0,train
123.243576,124.04079,0,train
206.32385,209.3753,0,train
0.0,-0.3233288,0,train
470.8353,477.17496,0,train
83.68852,86.89177,0,train
452.3285,457.64575,0,train
0.0,0.0351817,0,train
189.65776,186.84872,0,train
828.6015,833.7696,0,train
211.12282,212.57947,0,train
222.95198,195.37909,0,train
86.55746,86.681656,0,train
67.45088,66.90307,0,train
50.44503,50.499737,0,train
27.555832,15.047106,0,train
2.0533981,0.48519057,0,train
339.12125,342.59,0,train
25.864098,28.637632,0,train
10.265864,8.514662,0,train
125.26302,122.17297,0,train
314.65637,317.7465,0,train
170.56189,171.63791,0,train
5.9586816,3.2003844,0,train
371.56192,334.97565,0,train
209.95595,212.1339,0,train
414.63303,404.1587,0,train
0.0,-0.28166622,0,train
0.0,0.0890314,0,train
114.93867,112.45056,0,train
271.59903,269.1917,0,train
273.5112,279.7135,0,train
142.99907,138.22919,0,train
250.5301,243.71184,0,train
52.42322,52.184517,0,train
480.6811,487.60815,0,train
198.24713,192.01807,0,train
222.3616,216.223,0,train
300.40097,303.9813,0,train
446.2926,453.83453,0,train
163.94711,173.06572,0,train
864.76215,862.61304,0,train
444.35233,435.8478,0,train
217.83006,220.6109,0,train
219.15588,213.25708,0,train
101.56066,102.758606,0,train
39.70562,35.83045,0,train
495.99472,502.70898,0,train
0.0,0.035001934,0,train
353.23026,346.14398,0,train
377.205,380.20145,0,train
105.58123,105.42851,0,train
243.19429,241.2378,0,train
119.807724,121.71879,0,train
265.31644,268.12805,0,train
0.0,0.062217414,0,train
243.96211,244.96548,0,train
539.8538,525.09784,0,train
556.0892,556.62006,0,train
558.86096,558.5777,0,train
68.617195,68.14795,0,train
277.5798,280.7482,0,train
183.99411,182.6586,0,train
488.48886,494.887,0,train
94.285225,89.43797,0,train
255.37088,258.46414,0,train
141.88562,131.3935,0,train
79.72539,80.628204,0,train
255.08273,264.10962,0,train
0.0,-0.07946855,0,train
105.49493,113.94789,0,train
2.9621124,2.6589496,0,train
46.6918,49.81812,0,train
32.585533,29.500742,0,train
43.78049,43.42583,0,train
167.74335,164.73804,0,train
102.2426,102.60747,0,train
267.70782,266.2561,0,train
19.36899,22.56842,0,train
72.578766,73.097115,0,train
332.3662,331.51202,0,train
286.8514,295.59625,0,train
243.01688,242.23633,0,train
47.129227,48.690548,0,train
0.0,0.08537978,0,train
154.00801,154.78404,0,train
384.12103,382.73975,0,train
45.974106,41.448704,0,train
666.3028,670.62897,0,train
51.793858,51.043068,0,train
328.23508,308.3866,0,train
180.54141,175.3685,0,train
32.500313,29.047834,0,train
251.4219,255.04507,0,train
0.0,0.037230194,0,train
325.52872,331.47748,0,train
85.45594,87.16397,0,train
447.608,451.97253,0,train
629.38635,625.1126,0,train
353.16354,348.16312,0,train
170.2695,170.99326,0,train
126.30327,124.92691,0,train
469.01758,471.8227,0,train
173.57802,178.27365,0,train
0.0,140.60683,0,train
73.47558,64.528885,0,train
14.185414,12.489949,0,train
135.40457,134.09604,0,train
67.006966,59.291344,0,train
7.491911,4.8792458,0,train
273.10965,280.73312,0,train
92.33278,92.969475,0,train
109.89855,113.077,0,train
131.12276,131.33911,0,train
345.50497,350.9613,0,train
379.51486,380.7709,0,train
88.88568,85.56406,0,train
275.0748,275.97815,0,train
223.38678,233.7473,0,train
169.79564,171.75732,0,train
407.24292,413.32275,0,train
287.1051,284.7392,0,train
289.05524,298.235,0,train
172.02193,162.97581,0,train
737.0694,735.8283,0,train
16.438457,16.314905,0,train
51.11857,50.386345,0,train
164.97041,157.19,0,train
427.70993,433.6832,0,train
546.85547,553.0045,0,train
400.90137,409.38153,0,train
132.38638,124.08597,0,train
530.94855,529.84625,0,train
433.1751,435.2742,0,train
280.396,282.47662,0,train
250.77357,254.61551,0,train
0.0,0.084677875,0,train
151.79716,152.03134,0,train
350.06104,343.50626,0,train
515.312,522.4868,0,train
98.22484,101.286995,0,train
165.19817,175.6265,0,train
226.32967,224.11017,0,train
25.084545,29.039728,0,train
187.81052,187.6352,0,train
229.92473,230.59134,0,train
555.6011,559.13165,0,train
144.79185,137.19318,0,train
532.21875,542.7341,0,train
134.55962,129.07681,0,train
562.10077,567.06036,0,train
288.22424,289.31998,0,train
168.33717,167.14844,0,train
610.9634,622.6048,0,train
83.42658,74.83739,0,train
32.952545,33.906063,0,train
545.8622,543.16223,0,train
577.5083,579.9007,0,train
215.58444,213.81973,0,train
201.3443,205.95479,0,train
120.89777,120.27573,0,train
310.6783,318.2884,0,train
171.67244,171.97502,0,train
228.99486,234.75563,0,train
0.0,-0.019864857,0,train
26.856785,23.679422,0,train
236.22772,236.33347,0,train
182.48723,179.98164,0,train
487.2416,494.45325,0,train
165.06732,157.76788,0,train
197.70807,193.09492,0,train
251.81628,259.59854,0,train
0.0,0.107182205,0,train
198.9172,199.71582,0,train
246.13007,249.0574,0,train
35.14319,37.253494,0,train
177.60559,176.38013,0,train
810.9181,813.83844,0,train
150.91995,151.04883,0,train
10.384958,10.998484,0,train
251.17615,254.93013,0,train
223.76047,228.76143,0,train
34.016922,33.51876,0,train
91.10075,91.64621,0,train
29.685852,25.017443,0,train
261.13614,256.05188,0,train
469.30963,474.79694,0,train
309.68332,311.0404,0,train
271.29648,279.1653,0,train
89.19642,91.384926,0,train
518.2076,526.60034,0,train
47.90372,42.9772,0,train
273.71182,263.1247,0,train
44.812096,47.299633,0,train
84.12883,85.028336,0,train
248.37265,253.35727,0,train
178.4966,168.74602,0,train
64.12233,45.293354,0,train
781.66907,790.1683,0,train
246.07036,259.33002,0,train
122.136925,127.97604,0,train
602.46796,597.6337,0,train
43.8549,40.35996,0,train
134.96223,139.75615,0,train
151.47037,162.35089,0,train
278.63416,273.10696,0,train
0.0,0.5636284,0,train
12.363595,16.308672,0,train
111.156624,117.48341,0,train
200.10527,200.90782,0,train
0.0,0.18206519,0,train
91.18834,85.97665,0,train
24.817617,27.52856,0,train
0.0,12.692537,0,train
532.2113,534.48505,0,train
181.57814,181.90881,0,train
573.81726,572.3733,0,train
100.42084,98.0421,0,train
64.32995,60.50394,0,train
328.29596,331.13116,0,train
244.39621,244.53398,0,train
30.755604,32.64137,0,train
159.08438,163.26952,0,train
251.05151,249.4934,0,train
82.633194,100.680176,0,train
121.53363,121.15465,0,train
1001.8497,1007.8161,0,train
319.21497,323.75327,0,train
89.890175,88.02901,0,train
161.70726,158.84738,0,train
0.0,-1.6311247,0,train
128.14587,127.06564,0,train
285.93777,260.4239,0,train
71.40229,89.45413,0,train
262.60846,270.28015,0,train
262.09924,263.8565,0,train
0.0,-0.06931049,0,train
459.50287,465.75186,0,train
396.875,388.0528,0,train
730.5423,733.30634,0,train
13.713116,7.0316343,0,train
0.0,-0.4496501,0,train
129.11732,124.068405,0,train
433.08386,439.8065,0,train
0.0,1.424551e-05,0,train
76.60242,87.05792,0,train
217.04134,219.93996,0,train
412.69608,424.2271,0,train
682.8345,636.0585,0,train
60.329826,46.685177,0,train
435.3117,439.5614,0,train
69.577515,72.89957,0,train
23.907358,0.10606402,0,train
49.22432,53.159573,0,train
130.98523,127.85492,0,train
257.66,268.56827,0,train
99.62778,100.93837,0,train
0.0,0.02228731,0,train
227.38042,232.07993,0,train
48.514072,45.4969,0,train
482.40137,483.1172,0,train
126.14163,124.863846,0,train
0.0,0.12485379,0,train
186.01512,183.09973,0,train
350.7481,351.90918,0,train
221.12413,224.15797,0,train
323.38174,320.43314,0,train
49.39208,43.996784,0,train
34.204105,32.91068,0,train
19.15687,22.797699,0,train
2.94882,1.5551417,0,train
474.98563,478.6939,0,train
162.33202,160.3063,0,train
149.89943,158.95535,0,train
236.86044,236.83307,0,train
69.849495,64.446495,0,train
275.704,274.53452,0,train
242.32666,252.27692,0,train
272.5386,257.99774,0,train
313.57538,316.58704,0,train
34.168613,29.87984,0,train
63.067326,66.506134,0,train
334.92773,338.85944,0,train
21.930101,23.630804,0,train
41.43726,38.418247,0,train
236.23936,247.55957,0,train
515.226,522.42926,0,train
49.58206,54.974907,0,train
184.59663,192.34883,0,train
430.7554,434.30896,0,train
393.60486,389.11224,0,train
28.24327,27.286121,0,train
237.2497,232.21857,0,train
293.09756,298.73206,0,train
81.02203,89.06108,0,train
224.82925,214.08868,0,train
51.319946,52.604935,0,train
109.70912,107.300186,0,train
142.76274,143.68198,0,train
264.81326,263.16153,0,train
30.669807,33.440147,0,train
611.9157,619.1459,0,train
214.33688,219.42056,0,train
257.08627,258.1298,0,train
176.88655,185.02051,0,train
509.615,517.1689,0,train
0.0,0.10151595,0,train
185.60692,184.66272,0,train
900.75696,908.5776,0,train
420.04996,420.89203,0,train
31.802773,31.745354,0,train
78.17301,80.99303,0,train
71.34363,75.521576,0,train
542.16034,538.26495,0,train
122.52912,115.48827,0,train
50.17057,62.27141,0,train
63.94457,61.15724,0,train
457.3956,458.6996,0,train
343.19763,351.02783,0,train
216.24599,217.37152,0,train
164.20494,163.00525,0,train
313.63202,314.21295,0,train
35.23157,34.033688,0,train
119.65031,118.2911,0,train
58.22065,51.26565,0,train
0.0,0.039445102,0,train
73.897804,74.79826,0,train
283.30487,260.2909,0,train
335.02707,337.43372,0,train
207.01906,206.98293,0,train
376.03714,332.49023,0,train
84.83503,79.708405,0,train
454.71854,453.9442,0,train
492.6919,496.31152,0,train
462.4133,450.15128,0,train
223.86159,224.24461,0,train
86.76304,88.615555,0,train
87.69143,70.62455,0,train
31.521477,33.541145,0,train
34.540188,26.335958,0,train
226.6281,228.6984,0,train
64.439224,55.003197,0,train
298.33856,297.8997,0,train
256.18192,260.9084,0,train
59.61653,59.472946,0,train
162.66777,164.83849,0,train
94.5246,95.52974,0,train
432.69153,427.0257,0,train
156.88089,156.11847,0,train
183.88997,181.54987,0,train
111.53515,118.8001,0,train
1095.0739,1106.4105,0,train
325.09955,330.6919,0,train
172.61603,171.26001,0,train
266.87082,270.57974,0,train
261.85446,262.5059,0,train
220.57971,222.37592,0,train
44.347984,39.897892,0,train
257.3871,259.27423,0,train
128.58134,126.79112,0,train
172.07323,167.61835,0,train
403.9449,415.98706,0,train
239.71713,241.08163,0,train
314.96844,315.98227,0,train
0.0,0.1266405,0,train
135.78394,129.47711,0,train
707.98,718.90717,0,train
490.9305,507.46942,0,train
241.75044,254.69427,0,train
207.95586,202.54605,0,train
480.69678,486.16455,0,train
484.38766,478.58475,0,train
135.97742,131.79053,0,train
225.01605,222.0907,0,train
68.782555,72.37652,0,train
186.69981,172.05093,0,train
217.84537,216.79822,0,train
205.15436,206.09102,0,train
848.2138,855.9786,0,train
242.28415,249.11311,0,train
0.0,0.05981368,0,train
48.79139,44.434544,0,train
56.59743,48.98381,0,train
485.49405,492.69543,0,train
289.45627,289.9871,0,train
116.86934,114.831604,0,train
177.46043,180.35226,0,train
421.81836,427.8977,0,train
67.4546,72.65193,0,train
86.54294,90.984474,0,train
153.24869,154.75305,0,train
50.22918,43.670643,0,train
357.13165,355.46057,0,train
185.47722,184.84561,0,train
470.08096,472.91714,0,train
91.48348,90.99693,0,train
106.87674,99.29863,0,train
423.5079,366.21918,0,train
532.65576,530.0568,0,train
691.3407,694.79944,0,train
35.922028,31.847383,0,train
275.06567,297.13727,0,train
67.11146,69.03969,0,train
7.261488,6.205082,0,train
379.04398,388.36716,0,train
0.365892,19.057928,0,train
314.66104,317.35065,0,train
270.89597,270.4729,0,train
30.702614,27.977705,0,train
74.63457,68.577896,0,train
66.645905,66.949066,0,train
145.66196,146.00156,0,train
52.11525,50.766216,0,train
0.0,0.1041767,0,train
448.5558,446.08917,0,train
361.22302,372.83966,0,train
253.50674,255.74632,0,train
95.21126,94.25012,0,train
0.0,0.04517907,0,train
564.3137,567.4854,0,train
112.63803,113.645294,0,train
353.45364,352.19794,0,train
46.668755,37.64259,0,train
97.475395,91.733086,0,train
86.34647,88.286896,0,train
188.37987,192.78351,0,train
123.95452,123.61905,0,train
99.69096,105.526344,0,train
99.718834,87.169365,0,train
175.1571,175.57928,0,train
296.85938,310.69974,0,train
7.6063147,6.3884187,0,train
132.59663,125.12324,0,train
196.47299,200.77866,0,train
725.40985,670.30817,0,train
195.20836,195.00197,0,train
77.75927,81.02158,0,train
224.47755,235.13446,0,train
194.39397,198.84149,0,train
178.42355,175.8053,0,train
0.0,155.51978,0,train
86.09969,82.86441,0,train
864.9833,869.28754,0,train
928.47144,938.27924,0,train
114.91351,104.33627,0,train
165.68512,158.49168,0,train
953.6192,281.99133,0,train
335.18607,341.1396,0,train
15.528991,16.001698,0,train
194.5926,196.33746,0,train
10.522609,16.997711,0,train
463.47052,464.11737,0,train
25.998447,26.460981,0,train
1041.543,1051.2416,0,train
254.58905,209.50232,0,train
220.18068,223.43486,0,train
82.78062,82.452324,0,train
18.683697,19.593527,0,train
287.02463,292.44272,0,train
201.53532,194.01413,0,train
0.0,-0.48505932,0,train
94.23077,91.70128,0,train
1089.506,1099.6523,0,train
175.22998,162.16281,0,train
169.9739,173.83212,0,train
34.873734,35.41172,0,train
313.37933,312.92285,0,train
301.3435,301.3459,0,train
244.9609,249.45932,0,train
494.76834,499.57996,0,train
312.50354,313.9775,0,train
82.36872,135.88321,0,train
27.85911,29.511896,0,train
185.26357,183.20782,0,train
295.76474,298.3405,0,train
233.74716,241.1494,0,train
422.93756,429.72375,0,train
299.05008,303.62872,0,train
524.1734,530.30005,0,train
227.32002,216.93793,0,train
317.8711,324.3886,0,train
61.319393,56.9659,0,train
330.21326,340.4021,0,train
163.52115,161.56567,0,train
0.0,0.15861243,0,train
88.98815,88.4941,0,train
492.02942,497.6197,0,train
81.45,75.75504,0,train
0.0,0.06618589,0,train
119.704124,121.16841,0,train
220.69075,221.13539,0,train
128.32935,128.3268,0,train
512.1888,522.24,0,train
29.61721,25.671865,0,train
25.977018,27.201881,0,train
223.82405,230.98726,0,train
148.69751,151.87906,0,train
232.47075,233.48135,0,train
216.43013,210.65968,0,train
0.0,0.15095824,0,train
0.0,44.378056,0,train
220.98505,220.193,0,train
261.38052,259.62524,0,train
48.365566,46.91962,0,train
22.271702,17.241642,0,train
37.01991,34.36053,0,train
246.27342,229.50713,0,train
59.728848,58.055984,0,train
0.0,0.21581024,0,train
444.60638,436.6731,0,train
255.32372,250.18726,0,train
149.13666,147.61823,0,train
209.92653,214.46487,0,train
207.88211,209.2016,0,train
123.89731,114.09939,0,train
404.94373,420.30164,0,train
274.86514,277.84357,0,train
306.7533,308.32922,0,train
151.21365,149.36333,0,train
0.0,0.06833905,0,train
296.36966,296.39465,0,train
148.01634,149.01666,0,train
145.19243,147.44052,0,train
180.23076,171.37045,0,train
440.645,444.02945,0,train
400.86172,405.96875,0,train
604.1903,602.23834,0,train
244.29141,243.2717,0,train
380.35162,390.65063,0,train
0.0,0.09154242,0,train
66.00716,55.601093,0,train
269.72852,278.36554,0,train
60.46815,59.06453,0,train
71.30191,74.32271,0,train
557.12067,556.7619,0,train
393.35965,397.80606,0,train
65.944,66.98219,0,train
228.78731,214.22443,0,train
116.44237,116.47473,0,train
114.01739,97.50482,0,train
220.62204,224.71486,0,train
13.935853,16.847918,0,train
252.17447,253.32765,0,train
52.683006,52.71484,0,train
59.41843,56.972416,0,train
342.82928,352.24988,0,train
195.5712,198.63245,0,train
229.29091,222.64883,0,train
622.5131,630.42535,0,train
173.51447,165.7202,0,train
0.0,-0.04204446,0,train
194.68549,199.11746,0,train
218.91739,223.04977,0,train
27.213602,63.8597,0,train
144.96516,139.62984,0,train
142.91719,142.58449,0,train
417.44736,421.5653,0,train
423.12958,427.05392,0,train
0.0,0.04566425,0,train
476.75485,476.67334,0,train
202.08093,235.18407,0,train
236.02571,236.00726,0,train
17.102081,19.82586,0,train
345.7051,351.94507,0,train
54.232742,49.48386,0,train
224.50276,226.28673,0,train
85.40915,88.20251,0,train
73.36177,72.890045,0,train
260.08408,266.3272,0,train
83.54733,83.35489,0,train
156.34857,153.66985,0,train
74.32339,69.57553,0,train
74.089195,74.25223,0,train
233.70514,237.67368,0,train
8.784916,7.866474,0,train
273.0884,269.7404,0,train
89.79138,92.813126,0,train
60.96212,58.37247,0,train
366.11206,369.2049,0,train
203.75307,206.2304,0,train
68.60329,67.0246,0,train
177.2358,176.33582,0,train
208.76112,209.22246,0,train
72.32008,71.77494,0,train
355.05438,348.8346,0,train
41.675095,42.669823,0,train
53.572166,48.22725,0,train
183.23944,183.54097,0,train
727.5606,712.6745,0,train
0.0,-0.02018243,0,train
212.0828,218.58078,0,train
152.43982,155.1834,0,train
327.7599,327.528,0,train
288.24734,294.16235,0,train
260.91632,265.58014,0,train
65.27489,63.704372,0,train
454.88562,466.53964,0,train
269.92444,272.0402,0,train
264.04123,269.91223,0,train
189.10246,186.54471,0,train
45.94609,52.38402,0,train
135.80893,136.5556,0,train
188.36368,190.71014,0,train
403.06113,406.14722,0,train
504.6813,507.02493,0,train
263.70932,263.42667,0,train
247.69777,252.6681,0,train
114.63192,113.00834,0,train
97.76921,93.88753,0,train
317.44098,249.24979,0,train
333.86615,336.4376,0,train
736.75903,742.38965,0,train
97.620895,95.05504,0,train
449.18863,451.56836,0,train
518.86346,568.199,0,train
126.98816,125.964645,0,train
230.09506,235.00134,0,train
492.54883,497.71814,0,train
241.34009,242.71118,0,train
125.94607,121.49644,0,train
69.41665,55.073357,0,train
344.3686,354.61542,0,train
222.68633,225.46472,0,train
142.23825,137.47685,0,train
6.8226204,2.9166725,0,train
239.0307,239.18008,0,train
424.26205,427.60724,0,train
662.84485,670.7313,0,train
102.317665,108.22136,0,train
229.45045,230.63428,0,train
490.20505,495.79123,0,train
44.2141,42.310764,0,train
336.7851,339.80734,0,train
122.193,120.37334,0,train
129.51006,134.51608,0,train
267.10355,268.93314,0,train
251.18468,260.02423,0,train
153.05542,152.27078,0,train
491.7204,494.61636,0,train
146.70065,146.11646,0,train
81.12148,77.072556,0,train
526.2322,529.55206,0,train
0.0,-0.45181733,0,train
236.22441,239.86636,0,train
211.038,209.26385,0,train
101.41691,101.765205,0,train
0.0,0.57835406,0,train
64.82151,66.30809,0,train
28.947756,28.92018,0,train
202.30424,203.79004,0,train
308.63474,315.01862,0,train
678.14166,681.5052,0,train
392.5225,394.5232,0,train
182.81761,182.88539,0,train
58.120693,57.283077,0,train
122.08733,126.13859,0,train
45.62312,38.05563,0,train
46.74046,42.350964,0,train
73.400986,71.15277,0,train
227.50932,224.32033,0,train
185.23637,184.6972,0,train
140.47404,133.03012,0,train
484.9636,485.32684,0,train
102.25711,107.08477,0,train
0.0,-0.1031155,0,train
601.8038,606.7992,0,train
381.0163,382.8415,0,train
291.70807,295.44702,0,train
194.41434,188.72256,0,train
0.0,0.0854916,0,train
324.8656,326.21106,0,train
133.94803,140.46228,0,train
187.09773,188.6199,0,train
0.0,0.13175029,0,train
182.8213,193.95488,0,train
32.898624,33.38201,0,train
139.01129,141.15602,0,train
84.74711,84.425964,0,train
82.841064,77.91066,0,train
451.9815,452.26318,0,train
350.92233,348.97406,0,train
439.2169,444.8089,0,train
59.492565,55.740353,0,train
249.79659,261.08176,0,train
234.11037,233.1513,0,train
263.61267,259.1394,0,train
67.386086,63.97272,0,train
256.96896,256.99954,0,train
1.802823,2.2278798,0,train
186.63826,190.20312,0,train
239.6811,201.60944,0,train
30.565533,33.209774,0,train
374.27216,371.37146,0,train
37.25468,39.49091,0,train
111.939644,110.368195,0,train
80.29499,83.89842,0,train
140.06569,141.90158,0,train
356.20874,352.6944,0,train
210.00513,205.06116,0,train
597.2902,590.4741,0,train
477.40723,486.25635,0,train
287.54437,295.1275,0,train
111.27597,104.00815,0,train
58.81472,53.720562,0,train
100.38169,102.93202,0,train
55.860058,52.648315,0,train
7.537375,9.661848,0,train
186.46352,178.46762,0,train
155.95572,158.8783,0,train
59.627033,56.505688,0,train
38.871925,40.433315,0,train
71.91004,73.2698,0,train
54.40239,46.30181,0,train
193.87547,199.25012,0,train
573.8726,569.7349,0,train
289.06055,196.94714,0,train
221.6571,217.7702,0,train
245.95958,249.31664,0,train
212.56786,213.66101,0,train
266.83224,263.57233,0,train
251.07794,247.99391,0,train
77.31183,74.083145,0,train
204.42853,202.92303,0,train
395.505,402.75696,0,train
194.88521,186.72711,0,train
78.809265,84.39386,0,train
466.63916,472.53616,0,train
205.52559,204.9249,0,train
104.166664,108.36948,0,train
0.0,0.4943027,0,train
0.0,0.020855367,0,train
90.61541,85.379456,0,train
0.0,0.08922547,0,train
367.95724,347.16412,0,train
598.2183,599.9891,0,train
284.78827,283.00122,0,train
124.42522,125.68277,0,train
152.50319,144.55301,0,train
257.27014,258.53815,0,train
291.88782,298.05734,0,train
248.08363,250.65181,0,train
321.98444,309.3141,0,train
212.58778,211.33636,0,train
475.37915,478.9878,0,train
174.79735,167.49786,0,train
32.95572,36.1019,0,train
47.30249,47.301464,0,train
355.7931,358.9179,0,train
291.9511,293.47705,0,train
836.1804,844.6286,0,train
40.135597,38.955082,0,train
0.0,-0.35769278,0,train
136.14224,139.32986,0,train
90.15331,92.01055,0,train
175.93419,175.89964,0,train
460.3873,466.65283,0,train
223.7976,218.83174,0,train
12.479087,3.3730104,0,train
333.00885,338.81146,0,train
0.0,-0.17852575,0,train
287.31378,287.69388,0,train
947.84143,962.8764,0,train
235.91893,239.49657,0,train
322.19528,325.0057,0,train
64.80595,65.03975,0,train
431.4376,434.56628,0,train
205.05673,207.5922,0,train
77.4587,75.274925,0,train
106.7342,100.68222,0,train
196.13821,205.00851,0,train
234.79243,235.80939,0,train
75.96322,70.848465,0,train
242.59729,242.13089,0,train
212.60165,212.04077,0,train
27.226395,26.022762,0,train
89.78741,87.393845,0,train
0.0,-0.14585477,0,train
115.866066,113.39659,0,train
212.96487,212.45522,0,train
318.88138,315.8719,0,train
120.721634,123.00812,0,train
73.88608,72.46701,0,train
265.67166,274.21927,0,train
0.0,-0.43828326,0,train
25.272537,10.221187,0,train
180.55421,189.29697,0,train
263.901,267.94885,0,train
76.51164,79.398125,0,train
242.61629,248.84216,0,train
178.96779,173.47939,0,train
784.4456,792.71124,0,train
550.6111,557.57416,0,train
232.49803,234.09131,0,train
15.167168,19.642214,0,train
291.38486,292.96503,0,train
264.66232,255.9863,0,train
209.9674,205.41685,0,train
37.20231,28.42653,0,train
119.88807,121.680016,0,train
584.6641,589.39044,0,train
69.538956,69.01619,0,train
0.0,-0.088219225,0,train
361.5055,373.7464,0,train
595.15234,598.6547,0,train
485.53857,500.20084,0,train
248.4956,249.92395,0,train
0.4495162,0.36086816,0,train
105.29745,91.51802,0,train
306.23553,314.5464,0,train
71.076675,0.104436815,0,train
109.537636,113.32154,0,train
103.48312,101.62044,0,train
296.85043,300.69543,0,train
333.087,336.78522,0,train
465.5528,469.29398,0,train
324.18423,322.44687,0,train
444.81274,453.5464,0,train
291.3748,290.65717,0,train
70.9873,56.167274,0,train
451.46555,452.67227,0,train
54.689285,49.77248,0,train
198.3856,210.84958,0,train
383.5351,392.00543,0,train
325.25055,333.79053,0,train
201.2357,202.8311,0,train
86.106285,82.962006,0,train
235.65114,241.76323,0,train
234.64586,239.99635,0,train
142.82504,145.00534,0,train
823.3582,828.1639,0,train
367.14108,373.04852,0,train
29.994797,29.700686,0,train
56.401077,53.40819,0,train
236.67503,233.35614,0,train
0.0,0.06141299,0,train
258.9632,259.9666,0,train
77.60017,81.16313,0,train
227.75972,230.5466,0,train
208.06923,209.4584,0,train
228.21008,227.83904,0,train
517.7552,527.65594,0,train
196.70096,198.34656,0,train
26.301853,28.425785,0,train
100.77908,100.92579,0,train
197.60645,197.39575,0,train
368.86444,373.99423,0,train
67.75909,78.67894,0,train
620.5765,623.1513,0,train
260.6889,256.47424,0,train
24.232304,27.565756,0,train
221.31128,236.54224,0,train
19.007547,23.55657,0,train
75.4487,73.045044,0,train
138.00058,0.08284348,0,train
351.79993,356.10965,0,train
90.29353,83.666756,0,train
43.573727,44.386158,0,train
0.0,0.04320568,0,train
83.46008,85.58995,0,train
171.29628,167.42479,0,train
336.0781,345.3004,0,train
645.7533,650.08734,0,train
199.60876,198.17094,0,train
60.59522,50.555683,0,train
142.83876,137.7724,0,train
158.59286,159.3027,0,train
22.125135,0.08868593,0,train
165.92485,160.3763,0,train
20.367758,20.352503,0,train
388.97302,391.42056,0,train
340.97064,222.52429,0,train
402.66046,409.7122,0,train
126.89663,131.76573,0,train
69.345795,64.1916,0,train
287.3226,283.37305,0,train
72.613716,71.95413,0,train
513.0486,516.2887,0,train
139.184,142.25336,0,train
552.75214,574.175,0,train
312.99466,310.7859,0,train
34.640476,32.504887,0,train
51.875942,54.793858,0,train
110.31269,104.17334,0,train
122.22676,127.40126,0,train
62.39498,55.292942,0,train
349.62225,352.59564,0,train
1071.25,1084.864,0,train
131.45639,116.55429,0,train
222.91483,231.1309,0,train
333.836,335.1557,0,train
129.95322,130.04388,0,train
0.0,0.02176994,0,train
28.081526,29.73898,0,train
304.45032,304.758,0,train
107.76083,105.74535,0,train
64.60124,57.39058,0,train
267.70038,266.3681,0,train
251.38861,251.35304,0,train
159.80994,158.49442,0,train
37.547306,38.197666,0,train
8.404798,8.326277,0,train
194.20639,194.81555,0,train
25.705866,31.321995,0,train
320.0598,331.60196,0,train
92.91493,77.672295,0,train
315.2238,329.07138,0,train
151.71329,150.92632,0,train
175.0604,176.97604,0,train
284.01215,276.37112,0,train
422.44775,420.3471,0,train
331.08563,343.63,0,train
389.35718,393.56058,0,train
678.2953,684.45856,0,train
525.2522,532.8665,0,train
0.0,0.098345935,0,train
163.35562,149.16745,0,train
95.846954,93.96658,0,train
159.40552,160.70581,0,train
179.33365,184.0975,0,train
163.557,158.8613,0,train
146.81107,114.13102,0,train
19.180727,0.06517476,0,train
91.39514,87.32199,0,train
141.777,150.37082,0,train
1556.3827,1167.5116,0,train
0.0,0.34161085,0,train
202.79807,193.94301,0,train
251.13873,240.77525,0,train
307.08258,310.20197,0,train
241.12862,245.87534,0,train
358.4422,360.29126,0,train
645.32166,639.64594,0,train
511.76096,511.88873,0,train
0.0,0.03033179,0,train
199.56805,200.99738,0,train
294.33173,303.2995,0,train
256.30966,260.1765,0,train
419.88187,428.2069,0,train
73.36507,73.72775,0,train
117.81124,0.08500618,0,train
160.80342,161.7056,0,train
332.56967,332.96265,0,train
326.806,325.4303,0,train
106.16003,101.201004,0,train
141.81407,140.86926,0,train
875.11914,883.8721,0,train
90.39651,93.50311,0,train
310.6492,312.34045,0,train
0.0,-0.15991193,0,train
0.0,-0.049420178,0,train
41.25966,39.489193,0,train
213.43698,211.80354,0,train
203.99745,200.43166,0,train
5.332995,7.0176535,0,train
96.21517,104.20155,0,train
238.43842,231.71254,0,train
402.52133,412.70367,0,train
106.963104,109.13077,0,train
535.9933,537.4672,0,train
193.24472,224.77867,0,train
190.16827,192.12952,0,train
52.226196,48.431843,0,train
135.55812,126.32384,0,train
170.44453,167.3255,0,train
184.63205,191.95593,0,train
331.08316,330.1063,0,train
294.1211,296.1079,0,train
84.82188,79.34327,0,train
44.361492,40.60495,0,train
128.37361,129.10168,0,train
370.46335,375.6643,0,train
7.9243646,3.533461,0,train
167.62105,139.24446,0,train
105.7649,96.30292,0,train
414.92462,427.54544,0,train
155.94745,158.21765,0,train
404.44202,410.99622,0,train
187.8482,176.56982,0,train
275.78644,274.46686,0,train
20.920399,72.66358,0,train
178.57571,166.45264,0,train
12.54989,7.645354,0,train
29.4662,27.949858,0,train
26.949999,30.758291,0,train
43.008614,41.86809,0,train
1.7567297,2.1933653,0,train
40.301228,42.337128,0,train
385.85178,398.33588,0,train
438.13983,442.4871,0,train
589.287,596.565,0,train
0.0,0.052265584,0,train
325.8971,337.8913,0,train
131.63434,122.46783,0,train
132.32513,129.44695,0,train
152.71474,153.65857,0,train
542.6533,539.40283,0,train
124.96595,120.42478,0,train
30.249197,31.512636,0,train
432.59708,426.12918,0,train
137.76205,132.1113,0,train
69.50569,66.484314,0,train
666.5834,665.8115,0,train
0.0,0.13447255,0,train
226.3411,233.05302,0,train
165.4365,170.03522,0,train
172.98836,177.91214,0,train
167.20892,168.67903,0,train
138.38243,137.25777,0,train
127.458244,142.33632,0,train
626.69867,630.13605,0,train
67.10133,56.336994,0,train
112.46205,113.59926,0,train
916.0605,932.8239,0,train
78.1169,76.87226,0,train
289.98413,247.47507,0,train
492.01352,498.10333,0,train
9.701804,4.7175612,0,train
245.63503,249.5719,0,train
405.86353,413.43536,0,train
528.9675,531.168,0,train
177.74841,186.79822,0,train
68.19019,65.81102,0,train
74.009384,75.31162,0,train
0.0,0.09237021,0,train
32.534573,35.53728,0,train
273.7765,273.3865,0,train
429.1098,440.5999,0,train
60.99805,55.107998,0,train
52.02246,46.144947,0,train
466.65195,477.7423,0,train
0.7710134,0.52653235,0,train
61.426937,44.55518,0,train
38.12058,41.930088,0,train
109.688835,108.38739,0,train
262.61835,259.81653,0,train
245.70663,248.97694,0,train
350.23398,357.17615,0,train
260.46713,264.29263,0,train
352.35413,288.5292,0,train
237.88974,241.1997,0,train
149.99461,148.80437,0,train
12.3373575,8.673576,0,train
557.44385,560.80695,0,train
274.81158,276.07098,0,train
466.26016,468.2022,0,train
317.5293,319.0585,0,train
73.59962,66.96948,0,train
173.52386,177.1962,0,train
446.55887,457.12955,0,train
126.45019,129.4345,0,train
55.712578,53.053875,0,train
0.0,-1.3835964,0,train
639.15106,648.5828,0,train
208.41687,200.5599,0,train
0.0,0.047442615,0,train
0.0,0.07543105,0,train
7.3709702,0.790929,0,train
234.72623,241.62262,0,train
319.67072,320.6709,0,train
118.279625,120.59584,0,train
304.1595,307.15802,0,train
238.78561,239.72319,0,train
109.186485,99.62339,0,train
274.9993,268.5701,0,train
77.37118,77.131805,0,train
258.9183,260.77353,0,train
150.92259,151.18457,0,train
107.63695,108.6065,0,train
703.22845,693.35406,0,train
0.0,0.03840512,0,train
80.980934,75.12824,0,train
284.8994,285.45813,0,train
331.81348,335.6914,0,train
236.25934,242.36563,0,train
120.460884,129.789,0,train
224.50351,224.23277,0,train
383.01624,395.60803,0,train
0.0,0.0769369,0,train
36.721153,33.751865,0,train
197.39296,201.50693,0,train
173.59409,172.73471,0,train
0.0,0.100892246,0,train
266.3729,268.30893,0,train
110.15439,108.24313,0,train
0.0,-0.045259774,0,train
560.98016,565.4017,0,train
127.45891,122.793274,0,train
377.54965,381.23615,0,train
236.22226,240.1572,0,train
159.32417,146.64294,0,train
149.16068,150.61324,0,train
0.0,0.08740252,0,train
344.6444,352.9345,0,train
0.0,0.010719359,0,train
261.1311,263.3844,0,train
304.0117,302.67334,0,train
0.0,0.07041806,0,train
84.566986,85.635376,0,train
11.816725,9.998596,0,train
490.6478,499.4953,0,train
124.938416,126.02567,0,train
91.32102,92.25256,0,train
240.68922,221.65735,0,train
94.62751,96.39981,0,train
233.17229,240.70486,0,train
137.15129,134.56671,0,train
83.616974,76.66334,0,train
449.08368,454.47467,0,train
130.88452,126.224625,0,train
278.3774,288.08133,0,train
142.49597,146.99744,0,train
148.97641,112.461685,0,train
73.45622,68.185455,0,train
129.83383,124.16005,0,train
132.20667,126.95642,0,train
235.83675,99.7504,0,train
68.849754,68.9126,0,train
76.555725,66.667435,0,train
642.8232,663.1103,0,train
265.24365,267.80945,0,train
432.4698,433.3998,0,train
142.64041,137.6949,0,train
296.41077,297.57477,0,train
480.0123,490.01453,0,train
344.67587,343.15375,0,train
84.85803,84.23536,0,train
172.51367,165.98306,0,train
330.2767,320.0518,0,train
127.610405,124.60606,0,train
153.65274,154.04948,0,train
416.50757,420.63596,0,train
174.47206,170.42792,0,train
94.0393,95.771355,0,train
118.72739,116.7526,0,train
89.34931,89.71394,0,train
212.15268,214.91356,0,train
80.06099,74.453445,0,train
241.9329,253.51971,0,train
428.8526,436.50067,0,train
263.5819,262.5907,0,train
140.05434,140.18304,0,train
397.48828,399.9345,0,train
180.46925,174.92844,0,train
241.77164,246.82645,0,train
0.0,0.1013338,0,train
195.6066,192.25656,0,train
311.59332,318.12518,0,train
231.4884,221.7531,0,train
270.3747,278.31854,0,train
0.0,0.060868442,0,train
156.9032,190.54007,0,train
88.73248,86.53342,0,train
61.148438,59.240597,0,train
0.0,-0.0034652352,0,train
110.265175,106.91475,0,train
0.0,0.07892197,0,train
586.6253,586.0291,0,train
36.60619,38.022274,0,train
22.870077,23.023226,0,train
75.58213,73.59688,0,train
334.4665,336.38324,0,train
980.2689,984.0084,0,train
94.62871,91.69693,0,train
273.08417,270.23682,0,train
7.2566156,7.081646,0,train
567.88873,574.8005,0,train
516.4481,519.78326,0,train
215.17833,203.47406,0,train
264.9133,257.16608,0,train
104.481705,99.840515,0,train
35.06313,35.30581,0,train
62.15178,61.339783,0,train
0.0,0.9581005,0,train
19.340519,15.364009,0,train
0.0,7.9771023,0,train
61.830513,65.957405,0,train
225.66891,234.48216,0,train
215.24475,208.25928,0,train
137.9242,135.09628,0,train
346.44336,353.44867,0,train
254.67023,179.06808,0,train
145.55095,146.56833,0,train
112.61637,113.65962,0,train
350.2227,352.85098,0,train
93.02255,89.7713,0,train
79.97115,76.73255,0,train
277.4391,278.26147,0,train
3.960205,11.835775,0,train
11.963507,11.35205,0,train
19.277771,18.842638,0,train
54.77218,58.614666,0,train
127.999146,126.27153,0,train
0.0,0.17885417,0,train
561.6981,513.08295,0,train
352.4295,362.58514,0,train
373.37238,376.27798,0,train
0.0,0.6877181,0,train
37.57895,38.782207,0,train
456.56216,462.02985,0,train
443.0975,445.46362,0,train
280.0209,268.63718,0,train
295.77512,297.6145,0,train
187.67686,185.56934,0,train
87.37048,80.92976,0,train
153.27798,155.16965,0,train
228.86235,230.65866,0,train
609.9963,611.2331,0,train
111.04279,110.79548,0,train
135.73166,123.86813,0,train
374.2325,381.42358,0,train
260.31088,253.64572,0,train
359.29514,363.87903,0,train
281.51578,286.73822,0,train
61.729088,64.42912,0,train
250.63025,225.5565,0,train
361.66495,373.658,0,train
43.38454,41.714596,0,train
2.3102818,0.05683011,0,train
35.179718,31.096685,0,train
11.427362,3.4104674,0,train
97.42888,97.80286,0,train
206.67094,211.2503,0,train
134.8479,136.32672,0,train
78.06992,82.31717,0,train
137.23091,138.21478,0,train
117.23888,116.0654,0,train
216.0958,219.6116,0,train
309.96786,310.93387,0,train
182.3133,193.74036,0,train
534.43555,538.1589,0,train
155.74287,157.95566,0,train
196.46376,206.37508,0,train
205.86519,206.14783,0,train
57.599262,60.06047,0,train
141.91286,143.4199,0,train
231.16586,225.74648,0,train
137.63538,135.17526,0,train
334.39404,341.98407,0,train
291.36414,292.6015,0,train
311.62384,316.7567,0,train
107.870155,111.45062,0,train
289.75494,291.78506,0,train
0.0,0.026312053,0,train
71.82294,74.47768,0,train
615.8538,632.70984,0,train
36.420265,37.291927,0,train
117.04801,108.56622,0,train
634.2448,639.6931,0,train
141.75632,144.99133,0,train
45.6951,37.981678,0,train
0.0,0.01773423,0,train
166.45714,169.69992,0,train
169.80591,167.50098,0,train
472.90396,410.25555,0,train
83.1905,88.44162,0,train
66.77714,65.43119,0,train
340.57108,343.02478,0,train
0.0,0.1638624,0,train
364.62796,366.3119,0,train
88.73291,92.537704,0,train
183.95259,185.92438,0,train
458.7196,463.81915,0,train
533.14,531.1704,0,train
322.02448,328.9264,0,train
98.8098,80.84254,0,train
158.23996,169.11623,0,train
377.88828,377.9478,0,train
82.56965,85.79889,0,train
478.80103,481.67584,0,train
257.1911,250.71161,0,train
148.12955,149.22018,0,train
322.06592,323.69214,0,train
221.2076,214.40958,0,train
227.73303,234.23819,0,train
167.39644,170.1163,0,train
322.6475,327.66815,0,train
460.1413,466.01675,0,train
157.5043,154.55879,0,train
0.0,-0.8950103,0,train
246.9284,243.05246,0,train
43.339676,44.741535,0,train
129.95695,128.61612,0,train
404.5983,401.39804,0,train
214.55481,210.70361,0,train
353.64893,351.87695,0,train
28.313656,28.964348,0,train
0.06616427,0.22294134,0,train
299.23676,298.172,0,train
229.52344,231.08046,0,train
163.34537,157.53442,0,train
237.4788,237.06305,0,train
63.185207,45.15608,0,train
419.80743,424.1557,0,train
138.97745,137.11044,0,train
98.8441,102.652954,0,train
301.18866,299.85284,0,train
405.42404,409.43103,0,train
233.62645,301.1649,0,train
96.8177,93.68309,0,train
100.3146,98.29935,0,train
314.82547,315.97034,0,train
130.16046,129.52164,0,train
270.64465,277.4847,0,train
407.20258,416.00116,0,train
278.8799,286.72037,0,train
282.70602,297.76486,0,train
0.0,0.84981173,0,train
0.0,-0.16112608,0,train
109.04742,95.6777,0,train
130.45665,139.84454,0,train
133.26715,133.00305,0,train
55.24087,52.203297,0,train
132.48604,134.81662,0,train
292.646,296.7818,0,train
263.01132,258.64774,0,train
290.6147,293.56842,0,train
533.292,523.2541,0,train
297.09793,283.305,0,train
97.86696,99.357544,0,train
228.84702,221.02908,0,train
43.067184,41.57534,0,train
516.53455,516.07587,0,train
390.57297,397.80005,0,train
336.66898,337.59125,0,train
93.850845,76.13963,0,train
453.92947,454.56042,0,train
293.65955,293.6949,0,train
66.34145,62.38454,0,train
412.374,423.18976,0,train
84.54362,81.03195,0,train
78.13457,84.29198,0,train
320.13675,326.05267,0,train
119.960724,115.44821,0,train
431.07816,434.31738,0,train
423.2129,426.92822,0,train
2.4689994,1.4377716,0,train
559.08966,555.1557,0,train
206.66562,217.60397,0,train
324.24542,373.9218,0,train
181.12666,178.11923,0,train
194.0586,194.84637,0,train
0.0,-0.08793098,0,train
349.45935,350.7658,0,train
50.230007,51.588554,0,train
85.235374,83.47423,0,train
83.07404,0.060522735,0,train
15.031081,13.838493,0,train
67.72297,61.231358,0,train
306.01807,305.5372,0,train
48.776417,48.198154,0,train
44.70441,39.355385,0,train
21.955982,23.511179,0,train
173.90703,169.86154,0,train
0.0,0.20378703,0,train
86.325264,88.736046,0,train
287.8799,288.6471,0,train
137.6645,135.62708,0,train
347.63132,338.52063,0,train
31.970238,28.430483,0,train
90.37338,90.94328,0,train
404.73975,410.66342,0,train
339.9197,334.2712,0,train
301.22015,245.33994,0,train
810.8259,816.5628,0,train
273.51984,267.80634,0,train
225.9688,233.9971,0,train
110.45328,109.131744,0,train
340.53983,341.81738,0,train
159.27197,166.05934,0,train
684.0562,691.27673,0,train
342.87088,338.19153,0,train
88.15133,88.94713,0,train
0.0,0.096324146,0,train
236.83858,244.02043,0,train
232.48915,225.79265,0,train
271.8195,278.49448,0,train
191.94626,196.10762,0,train
122.027824,118.39884,0,train
140.64005,138.84082,0,train
571.4819,581.0614,0,train
220.24608,216.83322,0,train
286.18503,283.19208,0,train
225.17831,229.59885,0,train
451.36676,454.76328,0,train
105.76063,103.18505,0,train
263.92593,268.97763,0,train
355.59967,358.88843,0,train
103.185524,104.01069,0,train
74.99702,75.288956,0,train
531.2022,538.22906,0,train
45.329475,54.066113,0,train
199.79102,202.58777,0,train
530.97437,546.80817,0,train
82.87302,81.230515,0,train
292.03107,301.25076,0,train
404.3912,353.36707,0,train
319.61838,320.5669,0,train
460.73264,467.6841,0,train
37.938274,36.877117,0,train
170.39629,170.1449,0,train
264.9738,256.28473,0,train
401.79575,387.7379,0,train
221.71942,224.37323,0,train
101.692055,99.71826,0,train
305.85187,307.0824,0,train
309.2934,298.70416,0,train
73.769104,87.20509,0,train
2.708763,3.0534909,0,train
342.29022,343.37207,0,train
166.15916,163.28938,0,train
223.68648,225.25975,0,train
852.7888,201.3223,0,train
402.42798,406.49414,0,train
293.8108,297.40192,0,train
52.66467,55.50733,0,train
0.0,0.060866058,0,train
165.1279,163.0008,0,train
242.3283,253.5192,0,train
139.58621,138.49762,0,train
328.5282,322.29968,0,train
35.201015,30.810715,0,train
597.24316,602.4223,0,train
133.39452,134.26437,0,train
121.36155,120.282585,0,train
195.88419,175.5488,0,train
28.015436,33.009296,0,train
169.97539,173.32022,0,train
116.05599,115.70645,0,train
154.31924,155.14781,0,train
221.05234,225.69179,0,train
469.35,471.42456,0,train
50.58715,93.92993,0,train
63.741535,58.80117,0,train
702.99884,713.19025,0,train
580.93744,578.7243,0,train
48.23377,34.75646,0,train
181.50282,182.56076,0,train
517.6379,519.2629,0,train
48.080456,41.60272,0,train
978.595,986.1475,0,train
296.29672,295.8457,0,train
210.75957,229.64207,0,train
263.57135,271.60632,0,train
27.31671,26.841486,0,train
583.2592,587.4467,0,train
77.53867,73.09915,0,train
191.53394,195.85764,0,train
78.99313,81.173676,0,train
443.71085,449.05045,0,train
212.81718,218.56815,0,train
71.122986,68.72655,0,train
0.11394007,-0.04010552,0,train
206.06068,208.65288,0,train
164.8639,164.64534,0,train
348.38263,348.5099,0,train
412.81906,416.55673,0,train
192.81236,194.49898,0,train
70.33938,72.826965,0,train
146.14157,145.33646,0,train
503.3605,514.9758,0,train
262.8196,265.65393,0,train
465.5063,471.29837,0,train
0.0,0.36951274,0,train
132.18974,132.34778,0,train
72.07639,67.84815,0,train
0.0,0.07987565,0,train
159.92595,156.70598,0,train
350.0588,348.23224,0,train
367.09363,369.70914,0,train
18.880629,21.508165,0,train
370.7857,375.35675,0,train
286.82355,290.8662,0,train
86.31749,83.998856,0,train
106.07145,107.36007,0,train
233.1452,234.64548,0,train
288.04803,288.6082,0,train
188.65503,189.40569,0,train
145.27516,142.9526,0,train
337.3536,339.74588,0,train
333.98178,334.5943,0,train
207.7261,211.55087,0,train
412.6804,414.3891,0,train
43.672295,48.49609,0,train
66.097885,68.10929,0,train
0.728429,0.7656142,0,train
300.37744,297.1994,0,train
62.58488,63.170757,0,train
62.446438,63.56643,0,train
309.4256,312.8572,0,train
131.47948,129.27217,0,train
0.0,0.11722869,0,train
96.63702,93.87094,0,train
6.5068574,29.63641,0,train
190.24767,191.43561,0,train
64.086426,46.539845,0,train
238.58246,241.56296,0,train
347.5286,348.3271,0,train
31.248192,26.913216,0,train
66.36246,61.065197,0,train
259.4818,263.9019,0,train
263.6988,271.82214,0,train
241.0591,236.72438,0,train
125.29096,123.896515,0,train
509.8376,519.076,0,train
290.68533,288.11713,0,train
133.91856,136.90218,0,train
162.22842,152.45485,0,train
131.50775,134.52994,0,train
365.49573,374.80273,0,train
85.118675,79.00314,0,train
48.234497,47.3551,0,train
315.34277,314.02008,0,train
223.34764,225.68793,0,train
180.00385,182.84021,0,train
959.15704,966.19403,0,train
19.951733,27.634665,0,train
269.03464,279.54044,0,train
140.94647,141.51448,0,train
286.83005,287.52405,0,train
17.562214,19.899284,0,train
106.593506,110.04585,0,train
133.78096,136.60313,0,train
59.227596,57.12591,0,train
168.32388,162.96751,0,train
173.95798,178.07745,0,train
413.55807,416.42276,0,train
334.8691,343.53436,0,train
91.39695,94.02931,0,train
139.1128,144.8131,0,train
0.0,-0.041102707,0,train
102.943665,105.22719,0,train
827.60645,786.39703,0,train
91.14997,98.307556,0,train
407.76443,410.79962,0,train
157.84789,158.55429,0,train
253.89479,258.7092,0,train
139.43098,142.53911,0,train
164.94652,166.64244,0,train
266.35217,274.78574,0,train
340.29822,345.36108,0,train
197.77931,197.58551,0,train
54.310585,50.893105,0,train
517.32916,518.6877,0,train
261.95453,264.09204,0,train
72.76524,84.57243,0,train
93.02588,99.23855,0,train
68.10295,59.664265,0,train
55.09669,51.283367,0,train
210.51163,202.26501,0,train
129.43723,139.21103,0,train
151.4184,152.44614,0,train
333.13364,339.365,0,train
126.28891,129.53497,0,train
306.2707,289.3286,0,train
227.27863,234.87308,0,train
35.548817,34.52434,0,train
116.87941,111.26814,0,train
0.0,144.8407,0,train
156.81235,149.05273,0,train
294.7463,281.9278,0,train
156.01074,154.9234,0,train
0.109864354,-0.18047577,0,train
42.645733,43.321297,0,train
159.87337,158.6503,0,train
51.62202,51.726566,0,train
0.0,-0.017889798,0,train
0.0,0.3156368,0,train
0.0,-0.3466676,0,train
245.37035,256.03046,0,train
322.56876,320.49408,0,train
711.40607,716.215,0,train
98.10385,99.36952,0,train
251.8439,257.91074,0,train
420.64783,427.27112,0,train
62.12434,60.65321,0,train
54.361,58.405376,0,train
1027.7052,1035.8212,0,train
76.76533,81.14133,0,train
45.253544,40.08376,0,train
173.23415,180.09665,0,train
130.88777,120.5379,0,train
45.692013,40.61314,0,train
86.80119,82.51184,0,train
210.62605,201.55147,0,train
875.2425,816.96246,0,train
916.86804,930.2226,0,train
517.6356,521.95636,0,train
77.52031,76.849815,0,train
34.432617,22.175879,0,train
585.10095,579.6819,0,train
26.364105,27.92686,0,train
40.525383,35.596004,0,train
4.258353,4.0806217,0,train
111.197815,104.91303,0,train
268.42093,232.3597,0,train
206.74297,124.16766,0,train
75.30088,78.10712,0,train
247.7823,248.44647,0,train
928.06335,943.6213,0,train
113.695854,105.97089,0,train
0.0,0.0077704787,0,train
316.652,326.79126,0,train
72.01758,69.75566,0,train
497.61304,502.1232,0,train
215.74644,211.03735,0,train
170.0065,166.75069,0,train
29.20287,37.582752,0,train
490.702,499.7929,0,train
84.43291,81.590294,0,train
451.28424,458.94327,0,train
0.0,0.07205051,0,train
169.04404,170.63676,0,train
171.148,169.45184,0,train
57.306343,83.47238,0,train
512.68524,518.0836,0,train
195.2643,193.15114,0,train
150.45474,150.29831,0,train
258.30917,258.70544,0,train
65.93234,64.94681,0,train
461.10013,467.82782,0,train
195.24539,195.05122,0,train
629.6381,628.77576,0,train
55.753582,56.784306,0,train
33.652733,35.750435,0,train
233.68883,235.34656,0,train
238.79832,245.67159,0,train
309.48703,315.4785,0,train
0.0,-1.0248387,0,train
152.9362,154.2246,0,train
211.96564,218.6535,0,train
340.17062,341.71375,0,train
167.06015,168.5213,0,train
293.72467,294.81998,0,train
183.55444,185.62564,0,train
518.83844,524.4776,0,train
276.27084,270.4035,0,train
0.0,0.150109,0,train
230.88913,238.56587,0,train
142.3987,145.94098,0,train
92.140045,92.76263,0,train
136.6783,143.23817,0,train
98.499115,101.63284,0,train
398.49695,404.9215,0,train
242.67567,245.10141,0,train
20.217577,25.189318,0,train
265.13562,271.78793,0,train
360.1621,368.9579,0,train
0.0,-0.6869343,0,train
371.03098,381.16656,0,train
302.09702,291.58575,0,train
488.4884,489.08234,0,train
690.18,696.04266,0,train
25.725811,27.04732,0,train
164.93915,161.27768,0,train
101.6061,102.844246,0,train
377.0082,388.36566,0,train
374.073,363.5033,0,train
215.49776,222.4072,0,train
78.83149,78.70449,0,train
95.29022,93.764114,0,train
436.78488,438.69058,0,train
210.96149,217.33868,0,train
1120.8353,1119.9777,0,train
22.641436,25.553844,0,train
211.80812,215.41632,0,train
252.31174,244.54091,0,train
68.88696,76.99953,0,train
249.65259,257.1181,0,train
208.03705,211.07722,0,train
243.23093,243.56894,0,train
123.224945,118.55551,0,train
581.412,584.2443,0,train
302.99496,310.438,0,train
253.62259,244.53996,0,train
256.49673,257.89667,0,train
90.49086,91.35934,0,train
269.15768,268.84985,0,train
68.096504,66.9521,0,train
41.19729,36.841206,0,train
99.759125,95.2292,0,train
126.75546,139.1499,0,train
25.422188,27.524042,0,train
72.69389,67.671814,0,train
85.85341,82.32886,0,train
428.0632,277.934,0,train
373.19516,381.2901,0,train
279.5515,282.44293,0,train
204.99059,207.05676,0,train
330.25116,330.70453,0,train
224.63477,223.96188,0,train
70.38454,65.148834,0,train
402.67905,418.28665,0,validation
315.39886,308.40744,0,validation
0.0,71.392555,0,validation
45.496845,36.232162,0,validation
0.0,5.917921,0,validation
119.83734,112.17349,0,validation
258.41135,255.2621,0,validation
46.279766,0.039875925,0,validation
2.1427078,0.896566,0,validation
137.95123,121.41205,0,validation
75.71,91.55495,0,validation
28.99769,18.430258,0,validation
181.30814,215.04044,0,validation
144.57053,124.7491,0,validation
110.6553,109.271255,0,validation
143.42523,196.57227,0,validation
87.18439,106.49002,0,validation
66.26953,107.34276,0,validation
235.28386,238.44992,0,validation
254.07217,328.75226,0,validation
587.3966,593.14105,0,validation
315.17944,315.71103,0,validation
483.85522,708.9516,0,validation
4.727953,32.45506,0,validation
0.0,0.088950574,0,validation
104.301414,71.524635,0,validation
234.62517,233.57172,0,validation
77.24822,76.98915,0,validation
137.43451,139.57776,0,validation
0.0,0.12541813,0,validation
314.71313,297.18427,0,validation
173.52823,186.79211,0,validation
175.57831,173.65007,0,validation
170.73271,209.26768,0,validation
165.80817,170.16919,0,validation
162.11327,127.07968,0,validation
484.75082,418.76337,0,validation
434.9506,451.08704,0,validation
82.254234,76.25989,0,validation
61.90365,6.4016714,0,validation
160.25981,148.75381,0,validation
79.777824,79.151405,0,validation
530.88666,529.53235,0,validation
194.35664,215.22955,0,validation
67.55587,73.76926,0,validation
266.41617,306.24234,0,validation
67.89519,72.93824,0,validation
80.47075,84.044464,0,validation
128.34067,111.01493,0,validation
18.237331,36.07391,0,validation
0.0,0.17786807,0,validation
450.85764,445.3374,0,validation
212.24171,230.10718,0,validation
392.24185,425.95996,0,validation
244.67154,245.6078,0,validation
473.81586,478.06662,0,validation
123.327,129.6644,0,validation
137.87672,142.30911,0,validation
29.96776,23.44898,0,validation
826.3126,822.7187,0,validation
186.6673,154.17831,0,validation
190.21423,205.18747,0,validation
239.22014,244.63495,0,validation
158.66689,154.66245,0,validation
486.02768,468.37717,0,validation
219.3214,191.09966,0,validation
256.81302,262.20288,0,validation
93.68651,89.72774,0,validation
326.39127,356.21643,0,validation
200.7048,193.54922,0,validation
1127.4655,1092.5472,0,validation
83.572784,82.99568,0,validation
41.282265,49.946484,0,validation
156.51108,172.68228,0,validation
0.0,10.604073,0,validation
45.279343,52.653805,0,validation
108.67026,64.44357,0,validation
220.20901,240.66754,0,validation
39.86036,35.515793,0,validation
185.93005,181.38586,0,validation
29.893246,21.422398,0,validation
124.466736,120.638214,0,validation
223.12198,220.9486,0,validation
126.731415,128.36658,0,validation
192.7888,191.67386,0,validation
63.10267,77.66763,0,validation
278.99182,260.78687,0,validation
152.7808,150.67496,0,validation
156.91081,183.35873,0,validation
571.73175,586.09906,0,validation
129.80754,118.55292,0,validation
185.81221,168.28621,0,validation
460.54956,459.47882,0,validation
197.94948,215.47516,0,validation
279.29773,257.46844,0,validation
454.98154,477.71362,0,validation
230.53009,271.14136,0,validation
32.451355,35.644207,0,validation
99.42942,93.06801,0,validation
69.17449,49.00565,0,validation
98.339226,47.44356,0,validation
137.3613,139.95496,0,validation
467.86078,571.63153,0,validation
100.20518,97.85884,0,validation
144.56233,139.25906,0,validation
111.5022,99.745285,0,validation
255.01152,270.64072,0,validation
89.82789,95.3862,0,validation
235.78583,253.63799,0,validation
0.0,0.18801326,0,validation
105.30787,76.04046,0,validation
110.71939,116.98784,0,validation
79.86001,74.59436,0,validation
236.06378,266.634,0,validation
671.5961,679.6728,0,validation
338.8317,330.22925,0,validation
26.738796,36.875828,0,validation
1128.1876,1150.736,0,validation
4.072966,1.8038228,0,validation
80.4426,84.77497,0,validation
16.20869,18.516722,0,validation
67.56075,64.65833,0,validation
61.434,64.3505,0,validation
40.131897,29.707432,0,validation
604.25323,539.883,0,validation
142.19987,119.36472,0,validation
62.241737,67.48395,0,validation
302.95248,304.25177,0,validation
233.60538,240.66049,0,validation
203.76968,201.06558,0,validation
10.251588,17.773733,0,validation
233.6809,246.32849,0,validation
19.47407,4.501673,0,validation
54.35043,0.1348415,0,validation
146.42444,122.19284,0,validation
9.803684,51.345745,0,validation
132.85521,98.789276,0,validation
191.61125,235.82898,0,validation
304.1768,334.78278,0,validation
211.0566,218.62218,0,validation
153.8141,151.85135,0,validation
83.865486,75.772385,0,validation
48.096363,29.589808,0,validation
80.55893,79.24008,0,validation
418.98068,347.13745,0,validation
22.60684,44.643147,0,validation
200.40884,187.9875,0,validation
212.67842,174.67152,0,validation
163.48796,166.67502,0,validation
88.54083,57.25503,0,validation
27.338587,29.667559,0,validation
82.38967,60.354534,0,validation
699.78076,622.73724,0,validation
212.6616,225.90356,0,validation
188.25798,165.19377,0,validation
0.0,0.071624696,0,validation
0.0,0.1502139,0,validation
31.129585,69.94544,0,validation
0.0,5.567685,0,validation
16.948126,38.00876,0,validation
330.53763,281.90607,0,validation
220.25748,208.40082,0,validation
10.977263,14.828783,0,validation
118.12216,100.6237,0,validation
166.07578,190.32893,0,validation
437.09314,668.5722,0,validation
0.0,0.09347826,0,validation
116.49962,117.3759,0,validation
359.14594,381.28662,0,validation
386.27945,367.6662,0,validation
208.60826,204.96037,0,validation
236.55,236.05225,0,validation
27.810095,26.894217,0,validation
407.8866,380.49255,0,validation
201.8398,200.48608,0,validation
119.52819,113.17749,0,validation
264.68372,220.82314,0,validation
36.0338,32.9638,0,validation
0.0,32.23447,0,validation
14.473588,6.3441024,0,validation
62.433052,74.57903,0,validation
301.27832,289.46973,0,validation
493.36142,469.0622,0,validation
61.70211,47.192165,0,validation
399.98203,397.2521,0,validation
219.32185,220.78297,0,validation
0.0,-0.21767455,0,validation
202.6018,212.47334,0,validation
0.0,21.134659,0,validation
282.71622,311.28867,0,validation
439.46902,471.91705,0,validation
123.49785,114.54019,0,validation
385.43484,386.51672,0,validation
301.8994,308.5554,0,validation
167.49077,209.48419,0,validation
160.07294,103.62263,0,validation
308.6273,319.4367,0,validation
942.58905,157.27869,0,validation
0.0,-1.3000906,0,validation
0.0,0.07797593,0,validation
428.43872,435.6641,0,validation
311.23972,307.23737,0,validation
495.6033,491.7228,0,validation
0.0,1.0328505,0,validation
399.79367,390.14667,0,validation
147.609,142.85695,0,validation
69.563965,63.09001,0,validation
406.8694,489.58963,0,validation
259.625,203.3237,0,validation
0.0,0.10457772,0,validation
441.88943,403.82367,0,validation
29.177227,31.132706,0,validation
77.81494,79.53671,0,validation
85.774956,86.70166,0,validation
334.07614,343.19812,0,validation
127.594025,40.233116,0,validation
37.867653,44.854332,0,validation
250.38135,241.96126,0,validation
298.9354,296.24084,0,validation
111.661705,89.265396,0,validation
320.48047,340.70013,0,validation
119.83661,79.14148,0,validation
515.5098,473.9996,0,validation
53.589424,50.869156,0,validation
327.28946,344.29907,0,validation
806.6838,638.3139,0,validation
346.30066,348.69864,0,validation
492.31943,507.74323,0,validation
437.63556,433.52698,0,validation
470.71524,439.75928,0,validation
183.60425,187.66875,0,validation
555.19196,739.4323,0,validation
176.01373,179.29623,0,validation
353.39276,337.62317,0,validation
212.38478,210.30191,0,validation
79.36726,60.348194,0,validation
213.44736,220.88756,0,validation
46.670586,57.545345,0,validation
506.94147,520.37775,0,validation
9.0684805,207.53833,0,validation
176.28882,182.6514,0,validation
33.007824,23.918695,0,validation
65.80677,59.23031,0,validation
423.38077,424.2342,0,validation
270.79758,276.67462,0,validation
216.14105,174.37064,0,validation
268.07925,295.86023,0,validation
0.0,17.366175,0,validation
519.3274,511.80243,0,validation
0.0,0.12927216,0,validation
182.83746,184.21104,0,validation
330.88132,236.38765,0,validation
216.5179,214.71576,0,validation
469.44586,464.1681,0,validation
113.048355,170.56651,0,validation
202.7819,205.95341,0,validation
58.109386,87.388336,0,validation
434.28308,389.89648,0,validation
296.63794,309.577,0,validation
63.435402,75.59355,0,validation
386.5091,364.31824,0,validation
53.833523,45.578945,0,validation
0.0,2.29547,0,validation
3.7093372,2.796396,0,validation
156.91861,156.86084,0,validation
35.58612,39.017124,0,validation
286.6046,283.12576,0,validation
266.55655,274.0647,0,validation
187.68866,191.33438,0,validation
104.35186,95.01193,0,validation
49.481182,48.448,0,validation
151.45903,165.19186,0,validation
280.29623,265.18924,0,validation
145.1696,144.93794,0,validation
87.11586,110.43445,0,validation
41.286373,39.57899,0,validation
959.9204,1033.2246,0,validation
68.331955,97.87013,0,validation
492.56854,489.17276,0,validation
792.7741,693.566,0,validation
226.83469,239.58153,0,validation
155.22594,120.69374,0,validation
522.0378,503.81918,0,validation
234.07167,231.57193,0,validation
559.6848,560.8674,0,test
288.13144,272.40442,0,test
194.88507,181.26453,0,test
62.830135,65.53557,0,test
372.47382,277.09283,0,test
22.829483,34.353,0,test
333.92648,357.53738,0,test
218.61093,237.56021,0,test
217.92397,246.2453,0,test
253.74338,253.83545,0,test
321.67764,307.85736,0,test
293.74887,303.93817,0,test
254.0676,253.19882,0,test
44.229412,30.293707,0,test
261.6073,256.21365,0,test
65.43933,73.66049,0,test
38.268917,39.682835,0,test
683.54346,710.3135,0,test
88.71574,81.510086,0,test
457.19427,466.23367,0,test
469.66293,465.76968,0,test
71.76715,61.215893,0,test
156.17511,77.09299,0,test
164.47993,197.76456,0,test
159.79463,194.319,0,test
102.15475,92.41719,0,test
347.2773,354.07385,0,test
86.328575,93.25239,0,test
507.33984,515.68036,0,test
378.3868,351.3652,0,test
222.09566,252.14319,0,test
298.52472,290.6099,0,test
464.81683,491.83636,0,test
3.3002496,1.6342747,0,test
0.0,0.67333525,0,test
84.683075,91.69295,0,test
389.8126,357.31802,0,test
208.53249,194.37178,0,test
465.0205,474.02597,0,test
171.52036,188.88342,0,test
103.26816,107.95365,0,test
36.91742,29.52123,0,test
819.85394,858.36,0,test
313.50314,294.27353,0,test
80.0454,81.8907,0,test
256.9118,291.75433,0,test
111.64622,96.31636,0,test
32.687634,95.49718,0,test
343.6473,344.25064,0,test
182.60803,212.89983,0,test
262.09335,268.59076,0,test
102.38977,93.082664,0,test
245.78119,184.64761,0,test
215.42151,242.20674,0,test
67.00606,80.85674,0,test
138.68663,130.45825,0,test
307.14368,263.17456,0,test
59.53886,71.74467,0,test
218.93372,209.27872,0,test
133.17113,129.93848,0,test
45.088318,50.333717,0,test
45.086224,104.22219,0,test
53.862274,0.1116063,0,test
478.1819,487.80945,0,test
216.34483,234.54037,0,test
195.8714,161.03952,0,test
131.2852,156.97482,0,test
139.27576,141.05215,0,test
490.14713,532.1671,0,test
229.45882,246.06253,0,test
132.3019,109.752,0,test
201.16315,199.09906,0,test
38.229965,35.034115,0,test
49.48338,49.13042,0,test
262.33072,300.78613,0,test
644.1463,644.143,0,test
164.19139,183.20746,0,test
487.54626,525.7579,0,test
285.8284,267.29883,0,test
123.58683,111.89091,0,test
63.07905,61.00863,0,test
152.2486,154.51315,0,test
237.62032,258.1007,0,test
0.0,-0.23080617,0,test
0.0,0.34428614,0,test
923.4905,961.737,0,test
340.5915,369.38287,0,test
205.54,217.47287,0,test
316.67014,249.95804,0,test
149.36716,136.40424,0,test
189.07755,191.52237,0,test
213.69093,208.59,0,test
126.36886,120.58652,0,test
162.93936,186.62929,0,test
74.5165,77.64517,0,test
175.67194,179.89142,0,test
694.6851,514.7696,0,test
0.0,0.8085515,0,test
249.41022,257.16852,0,test
161.89827,164.44312,0,test
8.498608,14.653558,0,test
278.04944,290.93488,0,test
264.50015,280.5079,0,test
48.83269,59.19483,0,test
932.0785,948.8453,0,test
1016.3164,1041.9388,0,test
136.8964,142.01093,0,test
135.31752,122.920715,0,test
19.778084,34.728886,0,test
413.20032,383.27225,0,test
390.0547,383.6443,0,test
260.36942,323.85168,0,test
24.382753,30.364635,0,test
82.10284,75.57703,0,test
471.66193,473.2587,0,test
92.42323,93.43548,0,test
9.336406,16.763655,0,test
86.759605,79.54714,0,test
250.02678,274.44647,0,test
474.89447,494.96954,0,test
52.13968,56.264034,0,test
705.70953,607.01166,0,test
26.527,51.51427,0,test
0.0,22.436651,0,test
90.063835,96.013855,0,test
215.73398,230.98373,0,test
213.04745,198.02219,0,test
235.92867,244.8915,0,test
651.52783,724.47253,0,test
59.78279,59.900524,0,test
149.38719,152.86763,0,test
96.23912,51.302982,0,test
171.98706,134.62506,0,test
121.599655,117.55372,0,test
166.89288,154.91583,0,test
66.548294,0.065680325,0,test
0.0,0.18759316,0,test
305.93735,267.96417,0,test
350.3719,333.8808,0,test
271.2751,246.89935,0,test
147.61154,160.25891,0,test
12.896994,20.774698,0,test
625.9124,563.8896,0,test
158.88353,158.25754,0,test
0.0,0.28941935,0,test
35.45564,63.482754,0,test
261.73688,288.1313,0,test
89.27429,103.62909,0,test
0.0,0.16614455,0,test
16.630306,45.35716,0,test
252.7442,262.71896,0,test
49.94839,20.511087,0,test
116.63091,119.73639,0,test
191.81708,203.4051,0,test
193.6704,180.53595,0,test
163.48407,155.23947,0,test
734.95966,740.01025,0,test
340.4388,341.44055,0,test
196.89388,191.96773,0,test
1239.2118,1401.1346,0,test
114.93919,94.731735,0,test
176.41096,183.66751,0,test
47.359447,19.922115,0,test
186.73909,375.10596,0,test
478.2815,366.30377,0,test
141.86977,136.7604,0,test
100.04877,93.28113,0,test
670.4703,618.78094,0,test
178.85663,190.56494,0,test
174.1919,163.66046,0,test
222.85886,209.49289,0,test
282.97717,305.18408,0,test
226.43945,227.51668,0,test
88.61944,35.9825,0,test
45.098076,58.42385,0,test
324.3002,302.2584,0,test
224.77786,249.97346,0,test
45.56834,3.1190326,0,test
155.61043,175.45029,0,test
284.5877,300.5344,0,test
276.64923,317.47232,0,test
0.0,0.0886876,0,test
87.76851,95.94691,0,test
339.40833,329.9924,0,test
297.48468,317.04355,0,test
109.98219,115.00212,0,test
213.42818,216.75407,0,test
0.0,48.544815,0,test
294.20178,296.80737,0,test
333.89218,262.22937,0,test
22.81502,16.652117,0,test
48.927216,40.43359,0,test
60.542072,70.52702,0,test
561.1681,528.11755,0,test
74.4518,76.87045,0,test
26.818111,34.610584,0,test
0.0,3.8256934,0,test
81.063614,44.7826,0,test
173.22426,173.03168,0,test
311.36172,290.09985,0,test
0.0,0.14126724,0,test
197.63411,191.16898,0,test
530.9183,556.409,0,test
569.2816,500.28082,0,test
655.7376,683.2566,0,test
76.161934,74.651535,0,test
447.91556,476.0575,0,test
213.03108,230.14821,0,test
355.70453,347.6071,0,test
177.47437,258.52484,0,test
267.2566,267.83826,0,test
81.26019,85.89744,0,test
36.8453,23.063972,0,test
278.16614,274.61465,0,test
114.068756,145.77039,0,test
416.36563,115.45633,0,test
145.15517,164.58344,0,test
210.32773,205.32703,0,test
177.3519,138.47108,0,test
84.48581,67.77722,0,test
982.6735,989.28394,0,test
0.0,2.073323,0,test
83.23645,88.962685,0,test
48.054157,46.86646,0,test
112.35343,142.7912,0,test
170.72467,168.39052,0,test
0.0,0.01882881,0,test
295.174,328.42987,0,test
67.120186,79.97247,0,test
315.87943,335.1474,0,test
399.2009,409.88983,0,test
75.46656,80.45595,0,test
164.0312,67.89265,0,test
184.89516,171.91283,0,test
301.9823,305.01312,0,test
258.1581,227.98288,0,test
875.50836,884.8178,0,test
281.41522,294.82208,0,test
76.44863,68.584404,0,test
113.97785,112.315216,0,test
306.07388,309.18628,0,test
137.19102,126.10323,0,test
142.40472,103.88672,0,test
505.61255,498.91815,0,test
8.615476,8.096906,0,test
434.05676,460.59793,0,test
63.24876,93.46859,0,test
381.10217,372.3396,0,test
144.57619,160.62598,0,test
165.4201,180.0224,0,test
215.5369,220.61139,0,test
334.0306,352.33505,0,test
195.33623,175.43881,0,test
51.69326,48.538586,0,test
564.1816,493.69904,0,test
182.95242,195.31953,0,test
404.69962,454.34952,0,test
0.0,8.18882,0,test
226.9743,218.40408,0,test
250.0585,275.54556,0,test
124.22671,139.4411,0,test
224.61098,241.07127,0,test
244.0353,252.30334,0,test
202.70183,117.47216,0,test
204.00328,185.28386,0,test
655.33,655.807,0,test
171.24908,180.67078,0,test
318.69736,201.42142,0,test
283.96298,285.89117,0,test
238.1961,194.70735,0,test
447.52396,414.0293,0,test
87.01121,91.68174,0,test
229.15378,169.04596,0,test
300.08194,295.96347,0,test
283.87405,291.94342,0,test
136.14206,137.04057,0,test
257.27908,299.4314,0,test
118.27333,112.33291,0,test
147.59375,136.58096,0,test
56.34079,83.584045,0,test
180.81673,196.6741,0,test
180.81972,164.24582,0,test
91.06595,74.39746,0,test
436.4159,449.48044,0,test
115.25672,59.19293,0,test
